$date
	Wed Feb 11 13:17:39 2026
$end
$version
	Icarus Verilog
$end
$timescale
	1ps
$end
$scope module tb_axi4_self_check $end
$var wire 1 ! arready $end
$var wire 1 " awready $end
$var wire 4 # bid [3:0] $end
$var wire 2 $ bresp [1:0] $end
$var wire 1 % bvalid $end
$var wire 64 & rdata [63:0] $end
$var wire 4 ' rid [3:0] $end
$var wire 1 ( rlast $end
$var wire 2 ) rresp [1:0] $end
$var wire 1 * rvalid $end
$var wire 1 + wready $end
$var parameter 32 , ADDR_W $end
$var parameter 32 - DATA_W $end
$var parameter 32 . ID_W $end
$var parameter 32 / STRB_W $end
$var reg 32 0 araddr [31:0] $end
$var reg 2 1 arburst [1:0] $end
$var reg 4 2 arcache [3:0] $end
$var reg 4 3 arid [3:0] $end
$var reg 8 4 arlen [7:0] $end
$var reg 1 5 arlock $end
$var reg 3 6 arprot [2:0] $end
$var reg 4 7 arqos [3:0] $end
$var reg 4 8 arregion [3:0] $end
$var reg 3 9 arsize [2:0] $end
$var reg 1 : arvalid $end
$var reg 32 ; awaddr [31:0] $end
$var reg 2 < awburst [1:0] $end
$var reg 4 = awcache [3:0] $end
$var reg 4 > awid [3:0] $end
$var reg 8 ? awlen [7:0] $end
$var reg 1 @ awlock $end
$var reg 3 A awprot [2:0] $end
$var reg 4 B awqos [3:0] $end
$var reg 4 C awregion [3:0] $end
$var reg 3 D awsize [2:0] $end
$var reg 1 E awvalid $end
$var reg 1 F bready $end
$var reg 1 G clk $end
$var reg 32 H cur_addr [31:0] $end
$var reg 2 I cur_burst [1:0] $end
$var reg 4 J cur_id [3:0] $end
$var reg 8 K cur_len [7:0] $end
$var reg 1 L cur_lock $end
$var reg 3 M cur_size [2:0] $end
$var reg 1 N rready $end
$var reg 1 O rstn $end
$var reg 1 P s_arready $end
$var reg 1 Q s_awready $end
$var reg 4 R s_bid [3:0] $end
$var reg 2 S s_bresp [1:0] $end
$var reg 1 T s_bvalid $end
$var reg 64 U s_rdata [63:0] $end
$var reg 4 V s_rid [3:0] $end
$var reg 1 W s_rlast $end
$var reg 2 X s_rresp [1:0] $end
$var reg 1 Y s_rvalid $end
$var reg 1 Z s_wready $end
$var reg 2 [ shared_bresp_val [1:0] $end
$var reg 64 \ wdata [63:0] $end
$var reg 1 ] wlast $end
$var reg 8 ^ wstrb [7:0] $end
$var reg 1 _ wvalid $end
$var integer 32 ` init_i [31:0] $end
$var integer 32 a t_i [31:0] $end
$var integer 32 b test_fail [31:0] $end
$var integer 32 c test_num [31:0] $end
$var integer 32 d test_pass [31:0] $end
$scope function calc_addr $end
$var reg 32 e a [31:0] $end
$var reg 32 f al [31:0] $end
$var reg 2 g burst [1:0] $end
$var reg 8 h len [7:0] $end
$var reg 32 i lw [31:0] $end
$var reg 3 j size [2:0] $end
$var reg 32 k start_addr [31:0] $end
$var reg 32 l uw [31:0] $end
$var integer 32 m beat [31:0] $end
$var integer 32 n nb [31:0] $end
$var integer 32 o total [31:0] $end
$upscope $end
$scope begin $unm_blk_44 $end
$var reg 32 p baddr [31:0] $end
$var integer 32 q bi [31:0] $end
$upscope $end
$scope task check_data $end
$var reg 8 r act_b [7:0] $end
$var reg 32 s cba [31:0] $end
$var reg 32 t cbb [31:0] $end
$var reg 8 u exp_b [7:0] $end
$var reg 256 v tname [255:0] $end
$var integer 32 w ci [31:0] $end
$var integer 32 x cj [31:0] $end
$var integer 32 y clane [31:0] $end
$var integer 32 z cnb [31:0] $end
$var integer 32 { errs [31:0] $end
$upscope $end
$scope task gen_data $end
$var reg 32 | gba [31:0] $end
$var integer 32 } gi [31:0] $end
$var integer 32 ~ gj [31:0] $end
$var integer 32 !" glane [31:0] $end
$var integer 32 "" gnb [31:0] $end
$upscope $end
$scope task master_read $end
$var integer 32 #" mi [31:0] $end
$upscope $end
$scope task master_write $end
$var integer 32 $" mi [31:0] $end
$upscope $end
$scope task slave_read_handler $end
$var reg 32 %" sba [31:0] $end
$var reg 32 &" sbb [31:0] $end
$var reg 32 '" sr_addr [31:0] $end
$var reg 2 (" sr_burst [1:0] $end
$var reg 4 )" sr_id [3:0] $end
$var reg 8 *" sr_len [7:0] $end
$var reg 1 +" sr_lock $end
$var reg 3 ," sr_size [2:0] $end
$var reg 64 -" srd [63:0] $end
$var reg 2 ." sresp [1:0] $end
$var integer 32 /" si [31:0] $end
$var integer 32 0" sj [31:0] $end
$upscope $end
$scope task slave_write_handler $end
$var reg 32 1" sba [31:0] $end
$var reg 32 2" sbb [31:0] $end
$var reg 2 3" sresp [1:0] $end
$var reg 32 4" sw_addr [31:0] $end
$var reg 2 5" sw_burst [1:0] $end
$var reg 4 6" sw_id [3:0] $end
$var reg 8 7" sw_len [7:0] $end
$var reg 1 8" sw_lock $end
$var reg 3 9" sw_size [2:0] $end
$var reg 64 :" swd [63:0] $end
$var reg 8 ;" sws [7:0] $end
$var integer 32 <" si [31:0] $end
$var integer 32 =" sj [31:0] $end
$var integer 32 >" snb [31:0] $end
$upscope $end
$scope task update_ref $end
$var reg 32 ?" uba [31:0] $end
$var reg 32 @" ubb [31:0] $end
$var integer 32 A" ui [31:0] $end
$var integer 32 B" uj [31:0] $end
$upscope $end
$upscope $end
$enddefinitions $end
$comment Show the parameter values. $end
$dumpall
b1000 /
b100 .
b1000000 -
b100000 ,
$end
#0
$dumpvars
bx B"
bx A"
bx @"
bx ?"
bx >"
bx ="
bx <"
bx ;"
bx :"
bx 9"
x8"
bx 7"
bx 6"
bx 5"
bx 4"
bx 3"
bx 2"
bx 1"
bx 0"
bx /"
bx ."
bx -"
bx ,"
x+"
bx *"
bx )"
bx ("
bx '"
bx &"
bx %"
bx $"
bx #"
bx ""
bx !"
bx ~
bx }
bx |
bx {
bx z
bx y
bx x
bx w
bx v
bx u
bx t
bx s
bx r
bx q
bx p
bx o
bx n
bx m
bx l
bx k
bx j
bx i
bx h
bx g
bx f
bx e
b0 d
b0 c
b0 b
bx a
b10000 `
0_
b0 ^
0]
b0 \
bx [
0Z
0Y
b0 X
0W
b0 V
b0 U
0T
b0 S
b0 R
0Q
0P
0O
0N
bx M
xL
bx K
bx J
bx I
bx H
0G
0F
0E
b0 D
b0 C
b0 B
b0 A
0@
b0 ?
b0 >
b0 =
b0 <
b0 ;
0:
b0 9
b0 8
b0 7
b0 6
05
b0 4
b0 3
b0 2
b0 1
b0 0
0+
0*
b0 )
0(
b0 '
b0 &
0%
b0 $
b0 #
0"
0!
$end
#5000
1G
#10000
0G
#15000
1G
#20000
0G
#25000
1G
#30000
0G
#35000
1G
#40000
0G
#45000
1G
#50000
0G
#55000
1G
#60000
0G
#65000
1G
#70000
0G
#75000
1G
#80000
0G
#85000
1G
#90000
0G
#95000
1G
#100000
1"
1Q
1!
1P
0G
1O
#105000
1G
#110000
0G
#115000
1G
#120000
0G
#125000
1G
#130000
0G
#135000
1G
#140000
0G
#145000
b1 <
b11 D
1E
b0 !"
b0 |
b0 e
b0 f
b1000 n
b0 k
b0 h
b11 j
b1 g
b0 m
b1000 ~
b1 }
b1000 ""
0L
b1 I
b11 M
b0 K
b0 H
b0 J
1G
#150000
0G
#155000
1+
1Z
0"
0Q
1]
b11111111 ^
b101110001001111010000100011010100101000000110110000111000000001 \
1_
0E
b0 <"
b1000 >"
08"
b1 5"
b11 9"
b0 7"
b0 4"
b0 6"
b0 $"
1G
#160000
0G
#165000
1F
0]
0_
0+
0Z
b1 $"
b0 3"
b1 <"
b10000 ="
b0 2"
b0 1"
b11111111 ;"
b101110001001111010000100011010100101000000110110000111000000001 :"
1G
#170000
0G
#175000
1%
1T
1G
#180000
0G
#185000
b1 1
b11 9
1:
0F
1"
1Q
0%
0T
b1000 B"
b0 @"
b0 ?"
b1 A"
b0 [
1G
#190000
0G
#195000
0!
0P
1N
0:
b1000 0"
b101110001001111010000100011010100101000000110110000111000000001 -"
b0 &"
b0 %"
b0 /"
b0 ."
0+"
b1 ("
b11 ,"
b0 *"
b0 '"
b0 )"
b0 #"
1G
#200000
0G
#205000
1(
1W
b101110001001111010000100011010100101000000110110000111000000001 &
b101110001001111010000100011010100101000000110110000111000000001 U
1*
1Y
1G
#210000
0G
#215000
b100000000 ;
1E
1!
1P
0(
0W
0*
0Y
0N
b100000000 |
b100000000 e
b100000000 f
b100000000 k
b1000 ~
b1 }
b100000000 H
b1 d
b1 c
b1011100 r
b1011100 u
b1000 x
b0 y
b0 t
b0 s
b1 w
b0 {
b1000 z
b111001101101001011011100110011101101100011001010101111101110111011100100101111101110010011001000101111100110001 v
b1 /"
b1 #"
1G
#220000
0G
#225000
1+
1Z
0"
0Q
1]
1_
0E
b0 <"
b100000000 4"
b0 $"
1G
#230000
0G
#235000
1F
0]
0_
0+
0Z
b1 $"
b1 <"
b10000 ="
b100000000 2"
b100000000 1"
1G
#240000
0G
#245000
1%
1T
1G
#250000
0G
#255000
b100000000 0
1:
0F
1"
1Q
0%
0T
b1000 B"
b100000000 @"
b100000000 ?"
b1 A"
1G
#260000
0G
#265000
0!
0P
1N
0:
b1000 0"
b101110001001111010000100011010100101000000110110000111000000001 -"
b100000000 &"
b100000000 %"
b0 /"
b100000000 '"
b0 #"
1G
#270000
0G
#275000
1(
1W
1*
1Y
1G
#280000
0G
#285000
b1000000000 ;
1E
1!
1P
0(
0W
0*
0Y
0N
b1000000000 |
b1000000000 e
b1000000000 f
b1000000000 k
b1000 ~
b1 }
b1000000000 H
b10 d
b10 c
b1011100 r
b1011100 u
b1000 x
b100000000 t
b100000000 s
b1 w
b111001101101001011011100110011101101100011001010101111101110111011100100101111101110010011001000101111100110010 v
b1 /"
b1 #"
1G
#290000
0G
#295000
1+
1Z
0"
0Q
1]
1_
0E
b0 <"
b1000000000 4"
b0 $"
1G
#300000
0G
#305000
1F
0]
0_
0+
0Z
b1 $"
b1 <"
b10000 ="
b1000000000 2"
b1000000000 1"
1G
#310000
0G
#315000
1%
1T
1G
#320000
0G
#325000
b1000000000 0
1:
0F
1"
1Q
0%
0T
b1000 B"
b1000000000 @"
b1000000000 ?"
b1 A"
1G
#330000
0G
#335000
0!
0P
1N
0:
b1000 0"
b101110001001111010000100011010100101000000110110000111000000001 -"
b1000000000 &"
b1000000000 %"
b0 /"
b1000000000 '"
b0 #"
1G
#340000
0G
#345000
1(
1W
1*
1Y
1G
#350000
0G
#355000
b11 ?
b1000000000000 ;
1E
1!
1P
0(
0W
0*
0Y
0N
b11 m
b1000000011000 |
b1000000011000 e
b1000000000000 f
b1000000000000 k
b11 h
b1000 ~
b100 }
b11 K
b1000000000000 H
b11 d
b11 c
b1011100 r
b1011100 u
b1000 x
b1000000000 t
b1000000000 s
b1 w
b111001101101001011011100110011101101100011001010101111101110111011100100101111101110010011001000101111100110011 v
b1 /"
b1 #"
1G
#360000
0G
#365000
1+
1Z
0"
0Q
1_
0E
b0 <"
b11 7"
b1000000000000 4"
b0 $"
1G
#370000
0G
#375000
b110001101010110010010010011110000101111001000100001010100001000 \
1+
1Z
b1 $"
b1 <"
b1000 ="
b1000000000000 2"
b1000000000000 1"
b1000000000000 e
b0 m
1G
#380000
0G
#385000
1+
1Z
b110101001011101010100000100001100110110001010010001110000001111 \
b10 <"
b1000 ="
b1000000001000 2"
b1000000001000 1"
b1000000001000 e
b1 m
b110001101010110010010010011110000101111001000100001010100001000 :"
b10 $"
1G
#390000
0G
#395000
1]
b111000101100100010101110100101000111101001100000010001100010110 \
1+
1Z
b11 $"
b11 <"
b1000 ="
b1000000010000 2"
b1000000010000 1"
b1000000010000 e
b10 m
b110101001011101010100000100001100110110001010010001110000001111 :"
1G
#400000
0G
#405000
0+
0Z
1F
0]
0_
b100 <"
b10000 ="
b1000000011000 2"
b1000000011000 1"
b1000000011000 e
b11 m
b111000101100100010101110100101000111101001100000010001100010110 :"
b100 $"
1G
#410000
0G
#415000
1%
1T
1G
#420000
0G
#425000
b11 4
b1000000000000 0
1:
1"
1Q
0%
0T
0F
b1000 B"
b1000000011000 @"
b1000000011000 ?"
b1000000011000 e
b11 m
b100 A"
1G
#430000
0G
#435000
0!
0P
1N
0:
b1000 0"
b101110001001111010000100011010100101000000110110000111000000001 -"
b1000000000000 &"
b1000000000000 %"
b1000000000000 e
b0 m
b0 /"
b11 *"
b1000000000000 '"
b0 #"
1G
#440000
0G
#445000
1*
1Y
1G
#450000
0G
#455000
0*
0Y
b1000 0"
b110001101010110010010010011110000101111001000100001010100001000 -"
b1000000001000 &"
b1000000001000 %"
b1000000001000 e
b1 m
b1 /"
b1 #"
1G
#460000
0G
#465000
b110001101010110010010010011110000101111001000100001010100001000 &
b110001101010110010010010011110000101111001000100001010100001000 U
1*
1Y
1G
#470000
0G
#475000
0*
0Y
b1000 0"
b110101001011101010100000100001100110110001010010001110000001111 -"
b1000000010000 &"
b1000000010000 %"
b1000000010000 e
b10 m
b10 /"
b10 #"
1G
#480000
0G
#485000
b110101001011101010100000100001100110110001010010001110000001111 &
b110101001011101010100000100001100110110001010010001110000001111 U
1*
1Y
1G
#490000
0G
#495000
0*
0Y
b1000 0"
b111000101100100010101110100101000111101001100000010001100010110 -"
b1000000011000 &"
b1000000011000 %"
b1000000011000 e
b11 m
b11 /"
b11 #"
1G
#500000
0G
#505000
1(
1W
b111000101100100010101110100101000111101001100000010001100010110 &
b111000101100100010101110100101000111101001100000010001100010110 U
1*
1Y
1G
#510000
0G
#515000
b111 ?
b10000000000000 ;
1E
1!
1P
0(
0W
0*
0Y
0N
b10000000111000 |
b10000000000000 f
b10000000000000 k
b111 h
b1000 ~
b1000 }
b111 K
b10000000000000 H
b100 d
b100 c
b1110001 r
b1110001 u
b1000 x
b1000000011000 t
b1000000011000 s
b10000000111000 e
b111 m
b100 w
b1101001011011100110001101110010010111110011010001100010011001010110000101110100 v
b100 /"
b100 #"
1G
#520000
0G
#525000
1+
1Z
0"
0Q
b101110001001111010000100011010100101000000110110000111000000001 \
1_
0E
b0 <"
b111 7"
b10000000000000 4"
b0 $"
1G
#530000
0G
#535000
b110001101010110010010010011110000101111001000100001010100001000 \
1+
1Z
b1 $"
b1 <"
b1000 ="
b10000000000000 2"
b10000000000000 1"
b10000000000000 e
b0 m
b101110001001111010000100011010100101000000110110000111000000001 :"
1G
#540000
0G
#545000
1+
1Z
b110101001011101010100000100001100110110001010010001110000001111 \
b10 <"
b1000 ="
b10000000001000 2"
b10000000001000 1"
b10000000001000 e
b1 m
b110001101010110010010010011110000101111001000100001010100001000 :"
b10 $"
1G
#550000
0G
#555000
b111000101100100010101110100101000111101001100000010001100010110 \
1+
1Z
b11 $"
b11 <"
b1000 ="
b10000000010000 2"
b10000000010000 1"
b10000000010000 e
b10 m
b110101001011101010100000100001100110110001010010001110000001111 :"
1G
#560000
0G
#565000
1+
1Z
b111100001101011010111100101000101000100001101110010101000011101 \
b100 <"
b1000 ="
b10000000011000 2"
b10000000011000 1"
b10000000011000 e
b11 m
b111000101100100010101110100101000111101001100000010001100010110 :"
b100 $"
1G
#570000
0G
#575000
b111111101110010011001010101100001001011001111100011000100100100 \
1+
1Z
b101 $"
b101 <"
b1000 ="
b10000000100000 2"
b10000000100000 1"
b10000000100000 e
b100 m
b111100001101011010111100101000101000100001101110010101000011101 :"
1G
#580000
0G
#585000
1+
1Z
b1000011001111001011011000101111101010010010001010011100000101011 \
b110 <"
b1000 ="
b10000000101000 2"
b10000000101000 1"
b10000000101000 e
b101 m
b111111101110010011001010101100001001011001111100011000100100100 :"
b110 $"
1G
#590000
0G
#595000
1]
b1000110110000000011100110110011001011001010011000011111100110010 \
1+
1Z
b111 $"
b111 <"
b1000 ="
b10000000110000 2"
b10000000110000 1"
b10000000110000 e
b110 m
b1000011001111001011011000101111101010010010001010011100000101011 :"
1G
#600000
0G
#605000
0+
0Z
1F
0]
0_
b1000 <"
b10000 ="
b10000000111000 2"
b10000000111000 1"
b10000000111000 e
b111 m
b1000110110000000011100110110011001011001010011000011111100110010 :"
b1000 $"
1G
#610000
0G
#615000
1%
1T
1G
#620000
0G
#625000
b111 4
b10000000000000 0
1:
1"
1Q
0%
0T
0F
b1000 B"
b10000000111000 @"
b10000000111000 ?"
b10000000111000 e
b111 m
b1000 A"
1G
#630000
0G
#635000
0!
0P
1N
0:
b1000 0"
b101110001001111010000100011010100101000000110110000111000000001 -"
b10000000000000 &"
b10000000000000 %"
b10000000000000 e
b0 m
b0 /"
b111 *"
b10000000000000 '"
b0 #"
1G
#640000
0G
#645000
b101110001001111010000100011010100101000000110110000111000000001 &
b101110001001111010000100011010100101000000110110000111000000001 U
1*
1Y
1G
#650000
0G
#655000
0*
0Y
b1000 0"
b110001101010110010010010011110000101111001000100001010100001000 -"
b10000000001000 &"
b10000000001000 %"
b10000000001000 e
b1 m
b1 /"
b1 #"
1G
#660000
0G
#665000
b110001101010110010010010011110000101111001000100001010100001000 &
b110001101010110010010010011110000101111001000100001010100001000 U
1*
1Y
1G
#670000
0G
#675000
0*
0Y
b1000 0"
b110101001011101010100000100001100110110001010010001110000001111 -"
b10000000010000 &"
b10000000010000 %"
b10000000010000 e
b10 m
b10 /"
b10 #"
1G
#680000
0G
#685000
b110101001011101010100000100001100110110001010010001110000001111 &
b110101001011101010100000100001100110110001010010001110000001111 U
1*
1Y
1G
#690000
0G
#695000
0*
0Y
b1000 0"
b111000101100100010101110100101000111101001100000010001100010110 -"
b10000000011000 &"
b10000000011000 %"
b10000000011000 e
b11 m
b11 /"
b11 #"
1G
#700000
0G
#705000
b111000101100100010101110100101000111101001100000010001100010110 &
b111000101100100010101110100101000111101001100000010001100010110 U
1*
1Y
1G
#710000
0G
#715000
0*
0Y
b1000 0"
b111100001101011010111100101000101000100001101110010101000011101 -"
b10000000100000 &"
b10000000100000 %"
b10000000100000 e
b100 m
b100 /"
b100 #"
1G
#720000
0G
#725000
b111100001101011010111100101000101000100001101110010101000011101 &
b111100001101011010111100101000101000100001101110010101000011101 U
1*
1Y
1G
#730000
0G
#735000
0*
0Y
b1000 0"
b111111101110010011001010101100001001011001111100011000100100100 -"
b10000000101000 &"
b10000000101000 %"
b10000000101000 e
b101 m
b101 /"
b101 #"
1G
#740000
0G
#745000
b111111101110010011001010101100001001011001111100011000100100100 &
b111111101110010011001010101100001001011001111100011000100100100 U
1*
1Y
1G
#750000
0G
#755000
0*
0Y
b1000 0"
b1000011001111001011011000101111101010010010001010011100000101011 -"
b10000000110000 &"
b10000000110000 %"
b10000000110000 e
b110 m
b110 /"
b110 #"
1G
#760000
0G
#765000
b1000011001111001011011000101111101010010010001010011100000101011 &
b1000011001111001011011000101111101010010010001010011100000101011 U
1*
1Y
1G
#770000
0G
#775000
0*
0Y
b1000 0"
b1000110110000000011100110110011001011001010011000011111100110010 -"
b10000000111000 &"
b10000000111000 %"
b10000000111000 e
b111 m
b111 /"
b111 #"
1G
#780000
0G
#785000
1(
1W
b1000110110000000011100110110011001011001010011000011111100110010 &
b1000110110000000011100110110011001011001010011000011111100110010 U
1*
1Y
1G
#790000
0G
#795000
b1111 ?
b11000000000000 ;
1E
1!
1P
0(
0W
0*
0Y
0N
b11000001111000 |
b11000000000000 f
b11000000000000 k
b1111 h
b1000 ~
b10000 }
b1111 K
b11000000000000 H
b101 d
b101 c
b10001101 r
b10001101 u
b1000 x
b10000000111000 t
b10000000111000 s
b11000001111000 e
b1111 m
b1000 w
b1101001011011100110001101110010010111110011100001100010011001010110000101110100 v
b1000 /"
b1000 #"
1G
#800000
0G
#805000
1+
1Z
0"
0Q
b101110001001111010000100011010100101000000110110000111000000001 \
1_
0E
b0 <"
b1111 7"
b11000000000000 4"
b0 $"
1G
#810000
0G
#815000
b110001101010110010010010011110000101111001000100001010100001000 \
1+
1Z
b1 $"
b1 <"
b1000 ="
b11000000000000 2"
b11000000000000 1"
b11000000000000 e
b0 m
b101110001001111010000100011010100101000000110110000111000000001 :"
1G
#820000
0G
#825000
1+
1Z
b110101001011101010100000100001100110110001010010001110000001111 \
b10 <"
b1000 ="
b11000000001000 2"
b11000000001000 1"
b11000000001000 e
b1 m
b110001101010110010010010011110000101111001000100001010100001000 :"
b10 $"
1G
#830000
0G
#835000
b111000101100100010101110100101000111101001100000010001100010110 \
1+
1Z
b11 $"
b11 <"
b1000 ="
b11000000010000 2"
b11000000010000 1"
b11000000010000 e
b10 m
b110101001011101010100000100001100110110001010010001110000001111 :"
1G
#840000
0G
#845000
1+
1Z
b111100001101011010111100101000101000100001101110010101000011101 \
b100 <"
b1000 ="
b11000000011000 2"
b11000000011000 1"
b11000000011000 e
b11 m
b111000101100100010101110100101000111101001100000010001100010110 :"
b100 $"
1G
#850000
0G
#855000
b111111101110010011001010101100001001011001111100011000100100100 \
1+
1Z
b101 $"
b101 <"
b1000 ="
b11000000100000 2"
b11000000100000 1"
b11000000100000 e
b100 m
b111100001101011010111100101000101000100001101110010101000011101 :"
1G
#860000
0G
#865000
1+
1Z
b1000011001111001011011000101111101010010010001010011100000101011 \
b110 <"
b1000 ="
b11000000101000 2"
b11000000101000 1"
b11000000101000 e
b101 m
b111111101110010011001010101100001001011001111100011000100100100 :"
b110 $"
1G
#870000
0G
#875000
b1000110110000000011100110110011001011001010011000011111100110010 \
1+
1Z
b111 $"
b111 <"
b1000 ="
b11000000110000 2"
b11000000110000 1"
b11000000110000 e
b110 m
b1000011001111001011011000101111101010010010001010011100000101011 :"
1G
#880000
0G
#885000
1+
1Z
b1001010010000111011110100110110101100000010100110100011000111001 \
b1000 <"
b1000 ="
b11000000111000 2"
b11000000111000 1"
b11000000111000 e
b111 m
b1000110110000000011100110110011001011001010011000011111100110010 :"
b1000 $"
1G
#890000
0G
#895000
b1001101110001110100000010111010001100111010110100100110101000000 \
1+
1Z
b1001 $"
b1001 <"
b1000 ="
b11000001000000 2"
b11000001000000 1"
b11000001000000 e
b1000 m
b1001010010000111011110100110110101100000010100110100011000111001 :"
1G
#900000
0G
#905000
1+
1Z
b1010001010010101100010000111101101101110011000010101010001000111 \
b1010 <"
b1000 ="
b11000001001000 2"
b11000001001000 1"
b11000001001000 e
b1001 m
b1001101110001110100000010111010001100111010110100100110101000000 :"
b1010 $"
1G
#910000
0G
#915000
b1010100110011100100011111000001001110101011010000101101101001110 \
1+
1Z
b1011 $"
b1011 <"
b1000 ="
b11000001010000 2"
b11000001010000 1"
b11000001010000 e
b1010 m
b1010001010010101100010000111101101101110011000010101010001000111 :"
1G
#920000
0G
#925000
1+
1Z
b1011000010100011100101101000100101111100011011110110001001010101 \
b1100 <"
b1000 ="
b11000001011000 2"
b11000001011000 1"
b11000001011000 e
b1011 m
b1010100110011100100011111000001001110101011010000101101101001110 :"
b1100 $"
1G
#930000
0G
#935000
b1011011110101010100111011001000010000011011101100110100101011100 \
1+
1Z
b1101 $"
b1101 <"
b1000 ="
b11000001100000 2"
b11000001100000 1"
b11000001100000 e
b1100 m
b1011000010100011100101101000100101111100011011110110001001010101 :"
1G
#940000
0G
#945000
1+
1Z
b1011111010110001101001001001011110001010011111010111000001100011 \
b1110 <"
b1000 ="
b11000001101000 2"
b11000001101000 1"
b11000001101000 e
b1101 m
b1011011110101010100111011001000010000011011101100110100101011100 :"
b1110 $"
1G
#950000
0G
#955000
1]
b1100010110111000101010111001111010010001100001000111011101101010 \
1+
1Z
b1111 $"
b1111 <"
b1000 ="
b11000001110000 2"
b11000001110000 1"
b11000001110000 e
b1110 m
b1011111010110001101001001001011110001010011111010111000001100011 :"
1G
#960000
0G
#965000
0+
0Z
1F
0]
0_
b10000 <"
b10000 ="
b11000001111000 2"
b11000001111000 1"
b11000001111000 e
b1111 m
b1100010110111000101010111001111010010001100001000111011101101010 :"
b10000 $"
1G
#970000
0G
#975000
1%
1T
1G
#980000
0G
#985000
b1111 4
b11000000000000 0
1:
1"
1Q
0%
0T
0F
b1000 B"
b11000001111000 @"
b11000001111000 ?"
b11000001111000 e
b1111 m
b10000 A"
1G
#990000
0G
#995000
0!
0P
1N
0:
b1000 0"
b101110001001111010000100011010100101000000110110000111000000001 -"
b11000000000000 &"
b11000000000000 %"
b11000000000000 e
b0 m
b0 /"
b1111 *"
b11000000000000 '"
b0 #"
1G
#1000000
0G
#1005000
b101110001001111010000100011010100101000000110110000111000000001 &
b101110001001111010000100011010100101000000110110000111000000001 U
1*
1Y
1G
#1010000
0G
#1015000
0*
0Y
b1000 0"
b110001101010110010010010011110000101111001000100001010100001000 -"
b11000000001000 &"
b11000000001000 %"
b11000000001000 e
b1 m
b1 /"
b1 #"
1G
#1020000
0G
#1025000
b110001101010110010010010011110000101111001000100001010100001000 &
b110001101010110010010010011110000101111001000100001010100001000 U
1*
1Y
1G
#1030000
0G
#1035000
0*
0Y
b1000 0"
b110101001011101010100000100001100110110001010010001110000001111 -"
b11000000010000 &"
b11000000010000 %"
b11000000010000 e
b10 m
b10 /"
b10 #"
1G
#1040000
0G
#1045000
b110101001011101010100000100001100110110001010010001110000001111 &
b110101001011101010100000100001100110110001010010001110000001111 U
1*
1Y
1G
#1050000
0G
#1055000
0*
0Y
b1000 0"
b111000101100100010101110100101000111101001100000010001100010110 -"
b11000000011000 &"
b11000000011000 %"
b11000000011000 e
b11 m
b11 /"
b11 #"
1G
#1060000
0G
#1065000
b111000101100100010101110100101000111101001100000010001100010110 &
b111000101100100010101110100101000111101001100000010001100010110 U
1*
1Y
1G
#1070000
0G
#1075000
0*
0Y
b1000 0"
b111100001101011010111100101000101000100001101110010101000011101 -"
b11000000100000 &"
b11000000100000 %"
b11000000100000 e
b100 m
b100 /"
b100 #"
1G
#1080000
0G
#1085000
b111100001101011010111100101000101000100001101110010101000011101 &
b111100001101011010111100101000101000100001101110010101000011101 U
1*
1Y
1G
#1090000
0G
#1095000
0*
0Y
b1000 0"
b111111101110010011001010101100001001011001111100011000100100100 -"
b11000000101000 &"
b11000000101000 %"
b11000000101000 e
b101 m
b101 /"
b101 #"
1G
#1100000
0G
#1105000
b111111101110010011001010101100001001011001111100011000100100100 &
b111111101110010011001010101100001001011001111100011000100100100 U
1*
1Y
1G
#1110000
0G
#1115000
0*
0Y
b1000 0"
b1000011001111001011011000101111101010010010001010011100000101011 -"
b11000000110000 &"
b11000000110000 %"
b11000000110000 e
b110 m
b110 /"
b110 #"
1G
#1120000
0G
#1125000
b1000011001111001011011000101111101010010010001010011100000101011 &
b1000011001111001011011000101111101010010010001010011100000101011 U
1*
1Y
1G
#1130000
0G
#1135000
0*
0Y
b1000 0"
b1000110110000000011100110110011001011001010011000011111100110010 -"
b11000000111000 &"
b11000000111000 %"
b11000000111000 e
b111 m
b111 /"
b111 #"
1G
#1140000
0G
#1145000
b1000110110000000011100110110011001011001010011000011111100110010 &
b1000110110000000011100110110011001011001010011000011111100110010 U
1*
1Y
1G
#1150000
0G
#1155000
0*
0Y
b1000 0"
b1001010010000111011110100110110101100000010100110100011000111001 -"
b11000001000000 &"
b11000001000000 %"
b11000001000000 e
b1000 m
b1000 /"
b1000 #"
1G
#1160000
0G
#1165000
b1001010010000111011110100110110101100000010100110100011000111001 &
b1001010010000111011110100110110101100000010100110100011000111001 U
1*
1Y
1G
#1170000
0G
#1175000
0*
0Y
b1000 0"
b1001101110001110100000010111010001100111010110100100110101000000 -"
b11000001001000 &"
b11000001001000 %"
b11000001001000 e
b1001 m
b1001 /"
b1001 #"
1G
#1180000
0G
#1185000
b1001101110001110100000010111010001100111010110100100110101000000 &
b1001101110001110100000010111010001100111010110100100110101000000 U
1*
1Y
1G
#1190000
0G
#1195000
0*
0Y
b1000 0"
b1010001010010101100010000111101101101110011000010101010001000111 -"
b11000001010000 &"
b11000001010000 %"
b11000001010000 e
b1010 m
b1010 /"
b1010 #"
1G
#1200000
0G
#1205000
b1010001010010101100010000111101101101110011000010101010001000111 &
b1010001010010101100010000111101101101110011000010101010001000111 U
1*
1Y
1G
#1210000
0G
#1215000
0*
0Y
b1000 0"
b1010100110011100100011111000001001110101011010000101101101001110 -"
b11000001011000 &"
b11000001011000 %"
b11000001011000 e
b1011 m
b1011 /"
b1011 #"
1G
#1220000
0G
#1225000
b1010100110011100100011111000001001110101011010000101101101001110 &
b1010100110011100100011111000001001110101011010000101101101001110 U
1*
1Y
1G
#1230000
0G
#1235000
0*
0Y
b1000 0"
b1011000010100011100101101000100101111100011011110110001001010101 -"
b11000001100000 &"
b11000001100000 %"
b11000001100000 e
b1100 m
b1100 /"
b1100 #"
1G
#1240000
0G
#1245000
b1011000010100011100101101000100101111100011011110110001001010101 &
b1011000010100011100101101000100101111100011011110110001001010101 U
1*
1Y
1G
#1250000
0G
#1255000
0*
0Y
b1000 0"
b1011011110101010100111011001000010000011011101100110100101011100 -"
b11000001101000 &"
b11000001101000 %"
b11000001101000 e
b1101 m
b1101 /"
b1101 #"
1G
#1260000
0G
#1265000
b1011011110101010100111011001000010000011011101100110100101011100 &
b1011011110101010100111011001000010000011011101100110100101011100 U
1*
1Y
1G
#1270000
0G
#1275000
0*
0Y
b1000 0"
b1011111010110001101001001001011110001010011111010111000001100011 -"
b11000001110000 &"
b11000001110000 %"
b11000001110000 e
b1110 m
b1110 /"
b1110 #"
1G
#1280000
0G
#1285000
b1011111010110001101001001001011110001010011111010111000001100011 &
b1011111010110001101001001001011110001010011111010111000001100011 U
1*
1Y
1G
#1290000
0G
#1295000
0*
0Y
b1000 0"
b1100010110111000101010111001111010010001100001000111011101101010 -"
b11000001111000 &"
b11000001111000 %"
b11000001111000 e
b1111 m
b1111 /"
b1111 #"
1G
#1300000
0G
#1305000
1(
1W
b1100010110111000101010111001111010010001100001000111011101101010 &
b1100010110111000101010111001111010010001100001000111011101101010 U
1*
1Y
1G
#1310000
0G
#1315000
b10 <
b1 ?
b100000000000000 ;
1E
1!
1P
0(
0W
0*
0Y
0N
b100000000001000 |
b100000000010000 l
b100000000000000 i
b10000 o
b100000000000000 f
b100000000000000 k
b1 h
b10 g
b1000 ~
b10 }
b1 K
b100000000000000 H
b10 I
b110 d
b110 c
b11000101 r
b11000101 u
b1000 x
b11000001111000 t
b11000001111000 s
b100000000001000 e
b1 m
b10000 w
b110100101101110011000110111001001011111001100010011011001100010011001010110000101110100 v
b10000 /"
b10000 #"
1G
#1320000
0G
#1325000
1+
1Z
0"
0Q
b101110001001111010000100011010100101000000110110000111000000001 \
1_
0E
b0 <"
b10 5"
b1 7"
b100000000000000 4"
b0 $"
1G
#1330000
0G
#1335000
1]
b110001101010110010010010011110000101111001000100001010100001000 \
1+
1Z
b1 $"
b1 <"
b1000 ="
b100000000000000 2"
b100000000000000 1"
b100000000000000 e
b0 m
b101110001001111010000100011010100101000000110110000111000000001 :"
1G
#1340000
0G
#1345000
0+
0Z
1F
0]
0_
b10 <"
b10000 ="
b100000000001000 2"
b100000000001000 1"
b100000000001000 e
b1 m
b110001101010110010010010011110000101111001000100001010100001000 :"
b10 $"
1G
#1350000
0G
#1355000
1%
1T
1G
#1360000
0G
#1365000
b10 1
b1 4
b100000000000000 0
1:
1"
1Q
0%
0T
0F
b1000 B"
b100000000001000 @"
b100000000001000 ?"
b100000000001000 e
b1 m
b10 A"
1G
#1370000
0G
#1375000
0!
0P
1N
0:
b1000 0"
b101110001001111010000100011010100101000000110110000111000000001 -"
b100000000000000 &"
b100000000000000 %"
b100000000000000 e
b0 m
b0 /"
b10 ("
b1 *"
b100000000000000 '"
b0 #"
1G
#1380000
0G
#1385000
b101110001001111010000100011010100101000000110110000111000000001 &
b101110001001111010000100011010100101000000110110000111000000001 U
1*
1Y
1G
#1390000
0G
#1395000
0*
0Y
b1000 0"
b110001101010110010010010011110000101111001000100001010100001000 -"
b100000000001000 &"
b100000000001000 %"
b100000000001000 e
b1 m
b1 /"
b1 #"
1G
#1400000
0G
#1405000
1(
1W
b110001101010110010010010011110000101111001000100001010100001000 &
b110001101010110010010010011110000101111001000100001010100001000 U
1*
1Y
1G
#1410000
0G
#1415000
b11 ?
b101000000000000 ;
1E
1!
1P
0(
0W
0*
0Y
0N
b101000000011000 |
b101000000100000 l
b101000000000000 i
b100000 o
b101000000000000 f
b101000000000000 k
b11 h
b1000 ~
b100 }
b11 K
b101000000000000 H
b111 d
b111 c
b1100011 r
b1100011 u
b1000 x
b100000000001000 t
b100000000001000 s
b101000000011000 e
b11 m
b10 w
b1110111011100100110000101110000010111110011001001100010011001010110000101110100 v
b10 /"
b10 #"
1G
#1420000
0G
#1425000
1+
1Z
0"
0Q
b101110001001111010000100011010100101000000110110000111000000001 \
1_
0E
b0 <"
b11 7"
b101000000000000 4"
b0 $"
1G
#1430000
0G
#1435000
b110001101010110010010010011110000101111001000100001010100001000 \
1+
1Z
b1 $"
b1 <"
b1000 ="
b101000000000000 2"
b101000000000000 1"
b101000000000000 e
b0 m
b101110001001111010000100011010100101000000110110000111000000001 :"
1G
#1440000
0G
#1445000
1+
1Z
b110101001011101010100000100001100110110001010010001110000001111 \
b10 <"
b1000 ="
b101000000001000 2"
b101000000001000 1"
b101000000001000 e
b1 m
b110001101010110010010010011110000101111001000100001010100001000 :"
b10 $"
1G
#1450000
0G
#1455000
1]
b111000101100100010101110100101000111101001100000010001100010110 \
1+
1Z
b11 $"
b11 <"
b1000 ="
b101000000010000 2"
b101000000010000 1"
b101000000010000 e
b10 m
b110101001011101010100000100001100110110001010010001110000001111 :"
1G
#1460000
0G
#1465000
0+
0Z
1F
0]
0_
b100 <"
b10000 ="
b101000000011000 2"
b101000000011000 1"
b101000000011000 e
b11 m
b111000101100100010101110100101000111101001100000010001100010110 :"
b100 $"
1G
#1470000
0G
#1475000
1%
1T
1G
#1480000
0G
#1485000
b11 4
b101000000000000 0
1:
1"
1Q
0%
0T
0F
b1000 B"
b101000000011000 @"
b101000000011000 ?"
b101000000011000 e
b11 m
b100 A"
1G
#1490000
0G
#1495000
0!
0P
1N
0:
b1000 0"
b101110001001111010000100011010100101000000110110000111000000001 -"
b101000000000000 &"
b101000000000000 %"
b101000000000000 e
b0 m
b0 /"
b11 *"
b101000000000000 '"
b0 #"
1G
#1500000
0G
#1505000
b101110001001111010000100011010100101000000110110000111000000001 &
b101110001001111010000100011010100101000000110110000111000000001 U
1*
1Y
1G
#1510000
0G
#1515000
0*
0Y
b1000 0"
b110001101010110010010010011110000101111001000100001010100001000 -"
b101000000001000 &"
b101000000001000 %"
b101000000001000 e
b1 m
b1 /"
b1 #"
1G
#1520000
0G
#1525000
b110001101010110010010010011110000101111001000100001010100001000 &
b110001101010110010010010011110000101111001000100001010100001000 U
1*
1Y
1G
#1530000
0G
#1535000
0*
0Y
b1000 0"
b110101001011101010100000100001100110110001010010001110000001111 -"
b101000000010000 &"
b101000000010000 %"
b101000000010000 e
b10 m
b10 /"
b10 #"
1G
#1540000
0G
#1545000
b110101001011101010100000100001100110110001010010001110000001111 &
b110101001011101010100000100001100110110001010010001110000001111 U
1*
1Y
1G
#1550000
0G
#1555000
0*
0Y
b1000 0"
b111000101100100010101110100101000111101001100000010001100010110 -"
b101000000011000 &"
b101000000011000 %"
b101000000011000 e
b11 m
b11 /"
b11 #"
1G
#1560000
0G
#1565000
1(
1W
b111000101100100010101110100101000111101001100000010001100010110 &
b111000101100100010101110100101000111101001100000010001100010110 U
1*
1Y
1G
#1570000
0G
#1575000
b111 ?
b110000000000000 ;
1E
1!
1P
0(
0W
0*
0Y
0N
b110000000111000 |
b110000001000000 l
b110000000000000 i
b1000000 o
b110000000000000 f
b110000000000000 k
b111 h
b1000 ~
b1000 }
b111 K
b110000000000000 H
b1000 d
b1000 c
b1110001 r
b1110001 u
b1000 x
b101000000011000 t
b101000000011000 s
b110000000111000 e
b111 m
b100 w
b1110111011100100110000101110000010111110011010001100010011001010110000101110100 v
b100 /"
b100 #"
1G
#1580000
0G
#1585000
1+
1Z
0"
0Q
b101110001001111010000100011010100101000000110110000111000000001 \
1_
0E
b0 <"
b111 7"
b110000000000000 4"
b0 $"
1G
#1590000
0G
#1595000
b110001101010110010010010011110000101111001000100001010100001000 \
1+
1Z
b1 $"
b1 <"
b1000 ="
b110000000000000 2"
b110000000000000 1"
b110000000000000 e
b0 m
b101110001001111010000100011010100101000000110110000111000000001 :"
1G
#1600000
0G
#1605000
1+
1Z
b110101001011101010100000100001100110110001010010001110000001111 \
b10 <"
b1000 ="
b110000000001000 2"
b110000000001000 1"
b110000000001000 e
b1 m
b110001101010110010010010011110000101111001000100001010100001000 :"
b10 $"
1G
#1610000
0G
#1615000
b111000101100100010101110100101000111101001100000010001100010110 \
1+
1Z
b11 $"
b11 <"
b1000 ="
b110000000010000 2"
b110000000010000 1"
b110000000010000 e
b10 m
b110101001011101010100000100001100110110001010010001110000001111 :"
1G
#1620000
0G
#1625000
1+
1Z
b111100001101011010111100101000101000100001101110010101000011101 \
b100 <"
b1000 ="
b110000000011000 2"
b110000000011000 1"
b110000000011000 e
b11 m
b111000101100100010101110100101000111101001100000010001100010110 :"
b100 $"
1G
#1630000
0G
#1635000
b111111101110010011001010101100001001011001111100011000100100100 \
1+
1Z
b101 $"
b101 <"
b1000 ="
b110000000100000 2"
b110000000100000 1"
b110000000100000 e
b100 m
b111100001101011010111100101000101000100001101110010101000011101 :"
1G
#1640000
0G
#1645000
1+
1Z
b1000011001111001011011000101111101010010010001010011100000101011 \
b110 <"
b1000 ="
b110000000101000 2"
b110000000101000 1"
b110000000101000 e
b101 m
b111111101110010011001010101100001001011001111100011000100100100 :"
b110 $"
1G
#1650000
0G
#1655000
1]
b1000110110000000011100110110011001011001010011000011111100110010 \
1+
1Z
b111 $"
b111 <"
b1000 ="
b110000000110000 2"
b110000000110000 1"
b110000000110000 e
b110 m
b1000011001111001011011000101111101010010010001010011100000101011 :"
1G
#1660000
0G
#1665000
0+
0Z
1F
0]
0_
b1000 <"
b10000 ="
b110000000111000 2"
b110000000111000 1"
b110000000111000 e
b111 m
b1000110110000000011100110110011001011001010011000011111100110010 :"
b1000 $"
1G
#1670000
0G
#1675000
1%
1T
1G
#1680000
0G
#1685000
b111 4
b110000000000000 0
1:
1"
1Q
0%
0T
0F
b1000 B"
b110000000111000 @"
b110000000111000 ?"
b110000000111000 e
b111 m
b1000 A"
1G
#1690000
0G
#1695000
0!
0P
1N
0:
b1000 0"
b101110001001111010000100011010100101000000110110000111000000001 -"
b110000000000000 &"
b110000000000000 %"
b110000000000000 e
b0 m
b0 /"
b111 *"
b110000000000000 '"
b0 #"
1G
#1700000
0G
#1705000
b101110001001111010000100011010100101000000110110000111000000001 &
b101110001001111010000100011010100101000000110110000111000000001 U
1*
1Y
1G
#1710000
0G
#1715000
0*
0Y
b1000 0"
b110001101010110010010010011110000101111001000100001010100001000 -"
b110000000001000 &"
b110000000001000 %"
b110000000001000 e
b1 m
b1 /"
b1 #"
1G
#1720000
0G
#1725000
b110001101010110010010010011110000101111001000100001010100001000 &
b110001101010110010010010011110000101111001000100001010100001000 U
1*
1Y
1G
#1730000
0G
#1735000
0*
0Y
b1000 0"
b110101001011101010100000100001100110110001010010001110000001111 -"
b110000000010000 &"
b110000000010000 %"
b110000000010000 e
b10 m
b10 /"
b10 #"
1G
#1740000
0G
#1745000
b110101001011101010100000100001100110110001010010001110000001111 &
b110101001011101010100000100001100110110001010010001110000001111 U
1*
1Y
1G
#1750000
0G
#1755000
0*
0Y
b1000 0"
b111000101100100010101110100101000111101001100000010001100010110 -"
b110000000011000 &"
b110000000011000 %"
b110000000011000 e
b11 m
b11 /"
b11 #"
1G
#1760000
0G
#1765000
b111000101100100010101110100101000111101001100000010001100010110 &
b111000101100100010101110100101000111101001100000010001100010110 U
1*
1Y
1G
#1770000
0G
#1775000
0*
0Y
b1000 0"
b111100001101011010111100101000101000100001101110010101000011101 -"
b110000000100000 &"
b110000000100000 %"
b110000000100000 e
b100 m
b100 /"
b100 #"
1G
#1780000
0G
#1785000
b111100001101011010111100101000101000100001101110010101000011101 &
b111100001101011010111100101000101000100001101110010101000011101 U
1*
1Y
1G
#1790000
0G
#1795000
0*
0Y
b1000 0"
b111111101110010011001010101100001001011001111100011000100100100 -"
b110000000101000 &"
b110000000101000 %"
b110000000101000 e
b101 m
b101 /"
b101 #"
1G
#1800000
0G
#1805000
b111111101110010011001010101100001001011001111100011000100100100 &
b111111101110010011001010101100001001011001111100011000100100100 U
1*
1Y
1G
#1810000
0G
#1815000
0*
0Y
b1000 0"
b1000011001111001011011000101111101010010010001010011100000101011 -"
b110000000110000 &"
b110000000110000 %"
b110000000110000 e
b110 m
b110 /"
b110 #"
1G
#1820000
0G
#1825000
b1000011001111001011011000101111101010010010001010011100000101011 &
b1000011001111001011011000101111101010010010001010011100000101011 U
1*
1Y
1G
#1830000
0G
#1835000
0*
0Y
b1000 0"
b1000110110000000011100110110011001011001010011000011111100110010 -"
b110000000111000 &"
b110000000111000 %"
b110000000111000 e
b111 m
b111 /"
b111 #"
1G
#1840000
0G
#1845000
1(
1W
b1000110110000000011100110110011001011001010011000011111100110010 &
b1000110110000000011100110110011001011001010011000011111100110010 U
1*
1Y
1G
#1850000
0G
#1855000
b1111 ?
b111000000000000 ;
1E
1!
1P
0(
0W
0*
0Y
0N
b111000001111000 |
b111000010000000 l
b111000000000000 i
b10000000 o
b111000000000000 f
b111000000000000 k
b1111 h
b1000 ~
b10000 }
b1111 K
b111000000000000 H
b1001 d
b1001 c
b10001101 r
b10001101 u
b1000 x
b110000000111000 t
b110000000111000 s
b111000001111000 e
b1111 m
b1000 w
b1110111011100100110000101110000010111110011100001100010011001010110000101110100 v
b1000 /"
b1000 #"
1G
#1860000
0G
#1865000
1+
1Z
0"
0Q
b101110001001111010000100011010100101000000110110000111000000001 \
1_
0E
b0 <"
b1111 7"
b111000000000000 4"
b0 $"
1G
#1870000
0G
#1875000
b110001101010110010010010011110000101111001000100001010100001000 \
1+
1Z
b1 $"
b1 <"
b1000 ="
b111000000000000 2"
b111000000000000 1"
b111000000000000 e
b0 m
b101110001001111010000100011010100101000000110110000111000000001 :"
1G
#1880000
0G
#1885000
1+
1Z
b110101001011101010100000100001100110110001010010001110000001111 \
b10 <"
b1000 ="
b111000000001000 2"
b111000000001000 1"
b111000000001000 e
b1 m
b110001101010110010010010011110000101111001000100001010100001000 :"
b10 $"
1G
#1890000
0G
#1895000
b111000101100100010101110100101000111101001100000010001100010110 \
1+
1Z
b11 $"
b11 <"
b1000 ="
b111000000010000 2"
b111000000010000 1"
b111000000010000 e
b10 m
b110101001011101010100000100001100110110001010010001110000001111 :"
1G
#1900000
0G
#1905000
1+
1Z
b111100001101011010111100101000101000100001101110010101000011101 \
b100 <"
b1000 ="
b111000000011000 2"
b111000000011000 1"
b111000000011000 e
b11 m
b111000101100100010101110100101000111101001100000010001100010110 :"
b100 $"
1G
#1910000
0G
#1915000
b111111101110010011001010101100001001011001111100011000100100100 \
1+
1Z
b101 $"
b101 <"
b1000 ="
b111000000100000 2"
b111000000100000 1"
b111000000100000 e
b100 m
b111100001101011010111100101000101000100001101110010101000011101 :"
1G
#1920000
0G
#1925000
1+
1Z
b1000011001111001011011000101111101010010010001010011100000101011 \
b110 <"
b1000 ="
b111000000101000 2"
b111000000101000 1"
b111000000101000 e
b101 m
b111111101110010011001010101100001001011001111100011000100100100 :"
b110 $"
1G
#1930000
0G
#1935000
b1000110110000000011100110110011001011001010011000011111100110010 \
1+
1Z
b111 $"
b111 <"
b1000 ="
b111000000110000 2"
b111000000110000 1"
b111000000110000 e
b110 m
b1000011001111001011011000101111101010010010001010011100000101011 :"
1G
#1940000
0G
#1945000
1+
1Z
b1001010010000111011110100110110101100000010100110100011000111001 \
b1000 <"
b1000 ="
b111000000111000 2"
b111000000111000 1"
b111000000111000 e
b111 m
b1000110110000000011100110110011001011001010011000011111100110010 :"
b1000 $"
1G
#1950000
0G
#1955000
b1001101110001110100000010111010001100111010110100100110101000000 \
1+
1Z
b1001 $"
b1001 <"
b1000 ="
b111000001000000 2"
b111000001000000 1"
b111000001000000 e
b1000 m
b1001010010000111011110100110110101100000010100110100011000111001 :"
1G
#1960000
0G
#1965000
1+
1Z
b1010001010010101100010000111101101101110011000010101010001000111 \
b1010 <"
b1000 ="
b111000001001000 2"
b111000001001000 1"
b111000001001000 e
b1001 m
b1001101110001110100000010111010001100111010110100100110101000000 :"
b1010 $"
1G
#1970000
0G
#1975000
b1010100110011100100011111000001001110101011010000101101101001110 \
1+
1Z
b1011 $"
b1011 <"
b1000 ="
b111000001010000 2"
b111000001010000 1"
b111000001010000 e
b1010 m
b1010001010010101100010000111101101101110011000010101010001000111 :"
1G
#1980000
0G
#1985000
1+
1Z
b1011000010100011100101101000100101111100011011110110001001010101 \
b1100 <"
b1000 ="
b111000001011000 2"
b111000001011000 1"
b111000001011000 e
b1011 m
b1010100110011100100011111000001001110101011010000101101101001110 :"
b1100 $"
1G
#1990000
0G
#1995000
b1011011110101010100111011001000010000011011101100110100101011100 \
1+
1Z
b1101 $"
b1101 <"
b1000 ="
b111000001100000 2"
b111000001100000 1"
b111000001100000 e
b1100 m
b1011000010100011100101101000100101111100011011110110001001010101 :"
1G
#2000000
0G
#2005000
1+
1Z
b1011111010110001101001001001011110001010011111010111000001100011 \
b1110 <"
b1000 ="
b111000001101000 2"
b111000001101000 1"
b111000001101000 e
b1101 m
b1011011110101010100111011001000010000011011101100110100101011100 :"
b1110 $"
1G
#2010000
0G
#2015000
1]
b1100010110111000101010111001111010010001100001000111011101101010 \
1+
1Z
b1111 $"
b1111 <"
b1000 ="
b111000001110000 2"
b111000001110000 1"
b111000001110000 e
b1110 m
b1011111010110001101001001001011110001010011111010111000001100011 :"
1G
#2020000
0G
#2025000
0+
0Z
1F
0]
0_
b10000 <"
b10000 ="
b111000001111000 2"
b111000001111000 1"
b111000001111000 e
b1111 m
b1100010110111000101010111001111010010001100001000111011101101010 :"
b10000 $"
1G
#2030000
0G
#2035000
1%
1T
1G
#2040000
0G
#2045000
b1111 4
b111000000000000 0
1:
1"
1Q
0%
0T
0F
b1000 B"
b111000001111000 @"
b111000001111000 ?"
b111000001111000 e
b1111 m
b10000 A"
1G
#2050000
0G
#2055000
0!
0P
1N
0:
b1000 0"
b101110001001111010000100011010100101000000110110000111000000001 -"
b111000000000000 &"
b111000000000000 %"
b111000000000000 e
b0 m
b0 /"
b1111 *"
b111000000000000 '"
b0 #"
1G
#2060000
0G
#2065000
b101110001001111010000100011010100101000000110110000111000000001 &
b101110001001111010000100011010100101000000110110000111000000001 U
1*
1Y
1G
#2070000
0G
#2075000
0*
0Y
b1000 0"
b110001101010110010010010011110000101111001000100001010100001000 -"
b111000000001000 &"
b111000000001000 %"
b111000000001000 e
b1 m
b1 /"
b1 #"
1G
#2080000
0G
#2085000
b110001101010110010010010011110000101111001000100001010100001000 &
b110001101010110010010010011110000101111001000100001010100001000 U
1*
1Y
1G
#2090000
0G
#2095000
0*
0Y
b1000 0"
b110101001011101010100000100001100110110001010010001110000001111 -"
b111000000010000 &"
b111000000010000 %"
b111000000010000 e
b10 m
b10 /"
b10 #"
1G
#2100000
0G
#2105000
b110101001011101010100000100001100110110001010010001110000001111 &
b110101001011101010100000100001100110110001010010001110000001111 U
1*
1Y
1G
#2110000
0G
#2115000
0*
0Y
b1000 0"
b111000101100100010101110100101000111101001100000010001100010110 -"
b111000000011000 &"
b111000000011000 %"
b111000000011000 e
b11 m
b11 /"
b11 #"
1G
#2120000
0G
#2125000
b111000101100100010101110100101000111101001100000010001100010110 &
b111000101100100010101110100101000111101001100000010001100010110 U
1*
1Y
1G
#2130000
0G
#2135000
0*
0Y
b1000 0"
b111100001101011010111100101000101000100001101110010101000011101 -"
b111000000100000 &"
b111000000100000 %"
b111000000100000 e
b100 m
b100 /"
b100 #"
1G
#2140000
0G
#2145000
b111100001101011010111100101000101000100001101110010101000011101 &
b111100001101011010111100101000101000100001101110010101000011101 U
1*
1Y
1G
#2150000
0G
#2155000
0*
0Y
b1000 0"
b111111101110010011001010101100001001011001111100011000100100100 -"
b111000000101000 &"
b111000000101000 %"
b111000000101000 e
b101 m
b101 /"
b101 #"
1G
#2160000
0G
#2165000
b111111101110010011001010101100001001011001111100011000100100100 &
b111111101110010011001010101100001001011001111100011000100100100 U
1*
1Y
1G
#2170000
0G
#2175000
0*
0Y
b1000 0"
b1000011001111001011011000101111101010010010001010011100000101011 -"
b111000000110000 &"
b111000000110000 %"
b111000000110000 e
b110 m
b110 /"
b110 #"
1G
#2180000
0G
#2185000
b1000011001111001011011000101111101010010010001010011100000101011 &
b1000011001111001011011000101111101010010010001010011100000101011 U
1*
1Y
1G
#2190000
0G
#2195000
0*
0Y
b1000 0"
b1000110110000000011100110110011001011001010011000011111100110010 -"
b111000000111000 &"
b111000000111000 %"
b111000000111000 e
b111 m
b111 /"
b111 #"
1G
#2200000
0G
#2205000
b1000110110000000011100110110011001011001010011000011111100110010 &
b1000110110000000011100110110011001011001010011000011111100110010 U
1*
1Y
1G
#2210000
0G
#2215000
0*
0Y
b1000 0"
b1001010010000111011110100110110101100000010100110100011000111001 -"
b111000001000000 &"
b111000001000000 %"
b111000001000000 e
b1000 m
b1000 /"
b1000 #"
1G
#2220000
0G
#2225000
b1001010010000111011110100110110101100000010100110100011000111001 &
b1001010010000111011110100110110101100000010100110100011000111001 U
1*
1Y
1G
#2230000
0G
#2235000
0*
0Y
b1000 0"
b1001101110001110100000010111010001100111010110100100110101000000 -"
b111000001001000 &"
b111000001001000 %"
b111000001001000 e
b1001 m
b1001 /"
b1001 #"
1G
#2240000
0G
#2245000
b1001101110001110100000010111010001100111010110100100110101000000 &
b1001101110001110100000010111010001100111010110100100110101000000 U
1*
1Y
1G
#2250000
0G
#2255000
0*
0Y
b1000 0"
b1010001010010101100010000111101101101110011000010101010001000111 -"
b111000001010000 &"
b111000001010000 %"
b111000001010000 e
b1010 m
b1010 /"
b1010 #"
1G
#2260000
0G
#2265000
b1010001010010101100010000111101101101110011000010101010001000111 &
b1010001010010101100010000111101101101110011000010101010001000111 U
1*
1Y
1G
#2270000
0G
#2275000
0*
0Y
b1000 0"
b1010100110011100100011111000001001110101011010000101101101001110 -"
b111000001011000 &"
b111000001011000 %"
b111000001011000 e
b1011 m
b1011 /"
b1011 #"
1G
#2280000
0G
#2285000
b1010100110011100100011111000001001110101011010000101101101001110 &
b1010100110011100100011111000001001110101011010000101101101001110 U
1*
1Y
1G
#2290000
0G
#2295000
0*
0Y
b1000 0"
b1011000010100011100101101000100101111100011011110110001001010101 -"
b111000001100000 &"
b111000001100000 %"
b111000001100000 e
b1100 m
b1100 /"
b1100 #"
1G
#2300000
0G
#2305000
b1011000010100011100101101000100101111100011011110110001001010101 &
b1011000010100011100101101000100101111100011011110110001001010101 U
1*
1Y
1G
#2310000
0G
#2315000
0*
0Y
b1000 0"
b1011011110101010100111011001000010000011011101100110100101011100 -"
b111000001101000 &"
b111000001101000 %"
b111000001101000 e
b1101 m
b1101 /"
b1101 #"
1G
#2320000
0G
#2325000
b1011011110101010100111011001000010000011011101100110100101011100 &
b1011011110101010100111011001000010000011011101100110100101011100 U
1*
1Y
1G
#2330000
0G
#2335000
0*
0Y
b1000 0"
b1011111010110001101001001001011110001010011111010111000001100011 -"
b111000001110000 &"
b111000001110000 %"
b111000001110000 e
b1110 m
b1110 /"
b1110 #"
1G
#2340000
0G
#2345000
b1011111010110001101001001001011110001010011111010111000001100011 &
b1011111010110001101001001001011110001010011111010111000001100011 U
1*
1Y
1G
#2350000
0G
#2355000
0*
0Y
b1000 0"
b1100010110111000101010111001111010010001100001000111011101101010 -"
b111000001111000 &"
b111000001111000 %"
b111000001111000 e
b1111 m
b1111 /"
b1111 #"
1G
#2360000
0G
#2365000
1(
1W
b1100010110111000101010111001111010010001100001000111011101101010 &
b1100010110111000101010111001111010010001100001000111011101101010 U
1*
1Y
1G
#2370000
0G
#2375000
b0 <
b0 ?
b1000000000000000 ;
1E
1!
1P
0(
0W
0*
0Y
0N
b1000000000000000 |
b1000000000000000 f
b1000000000000000 k
b0 h
b0 g
b1000 ~
b1 }
b0 K
b1000000000000000 H
b0 I
b1010 d
b1010 c
b11000101 r
b11000101 u
b1000 x
b111000001111000 t
b111000001111000 s
b1000000000000000 e
b0 m
b10000 w
b111011101110010011000010111000001011111001100010011011001100010011001010110000101110100 v
b10000 /"
b10000 #"
1G
#2380000
0G
#2385000
1+
1Z
0"
0Q
1]
b101110001001111010000100011010100101000000110110000111000000001 \
1_
0E
b0 <"
b0 5"
b0 7"
b1000000000000000 4"
b0 $"
1G
#2390000
0G
#2395000
1F
0]
0_
0+
0Z
b1 $"
b1 <"
b10000 ="
b1000000000000000 2"
b1000000000000000 1"
b101110001001111010000100011010100101000000110110000111000000001 :"
1G
#2400000
0G
#2405000
1%
1T
1G
#2410000
0G
#2415000
b0 1
b0 4
b1000000000000000 0
1:
0F
1"
1Q
0%
0T
b1000 B"
b1000000000000000 @"
b1000000000000000 ?"
b1 A"
1G
#2420000
0G
#2425000
0!
0P
1N
0:
b1000 0"
b101110001001111010000100011010100101000000110110000111000000001 -"
b1000000000000000 &"
b1000000000000000 %"
b0 /"
b0 ("
b0 *"
b1000000000000000 '"
b0 #"
1G
#2430000
0G
#2435000
1(
1W
b101110001001111010000100011010100101000000110110000111000000001 &
b101110001001111010000100011010100101000000110110000111000000001 U
1*
1Y
1G
#2440000
0G
#2445000
b11 ?
b1000000100000000 ;
1E
1!
1P
0(
0W
0*
0Y
0N
b11 m
b1000000100000000 |
b1000000100000000 e
b1000000100000000 f
b1000000100000000 k
b11 h
b1000 ~
b100 }
b11 K
b1000000100000000 H
b1011 d
b1011 c
b1011100 r
b1011100 u
b1000 x
b1000000000000000 t
b1000000000000000 s
b1 w
b110011001101001011110000110010101100100010111110011000101100010011001010110000101110100 v
b1 /"
b1 #"
1G
#2450000
0G
#2455000
1+
1Z
0"
0Q
1_
0E
b0 <"
b11 7"
b1000000100000000 4"
b0 $"
1G
#2460000
0G
#2465000
b110001101010110010010010011110000101111001000100001010100001000 \
1+
1Z
b1 $"
b1 <"
b1000 ="
b1000000100000000 2"
b1000000100000000 1"
b0 m
1G
#2470000
0G
#2475000
1+
1Z
b110101001011101010100000100001100110110001010010001110000001111 \
b10 <"
b1000 ="
b1 m
b110001101010110010010010011110000101111001000100001010100001000 :"
b10 $"
1G
#2480000
0G
#2485000
1]
b111000101100100010101110100101000111101001100000010001100010110 \
1+
1Z
b11 $"
b11 <"
b1000 ="
b10 m
b110101001011101010100000100001100110110001010010001110000001111 :"
1G
#2490000
0G
#2495000
0+
0Z
1F
0]
0_
b100 <"
b10000 ="
b11 m
b111000101100100010101110100101000111101001100000010001100010110 :"
b100 $"
1G
#2500000
0G
#2505000
1%
1T
1G
#2510000
0G
#2515000
b11 4
b1000000100000000 0
1:
1"
1Q
0%
0T
0F
b1000 B"
b1000000100000000 @"
b1000000100000000 ?"
b11 m
b100 A"
1G
#2520000
0G
#2525000
0!
0P
1N
0:
b1000 0"
b111000101100100010101110100101000111101001100000010001100010110 -"
b1000000100000000 &"
b1000000100000000 %"
b0 m
b0 /"
b11 *"
b1000000100000000 '"
b0 #"
1G
#2530000
0G
#2535000
b111000101100100010101110100101000111101001100000010001100010110 &
b111000101100100010101110100101000111101001100000010001100010110 U
1*
1Y
1G
#2540000
0G
#2545000
0*
0Y
b1000 0"
b111000101100100010101110100101000111101001100000010001100010110 -"
b1 m
b1 /"
b1 #"
1G
#2550000
0G
#2555000
1*
1Y
1G
#2560000
0G
#2565000
0*
0Y
b1000 0"
b111000101100100010101110100101000111101001100000010001100010110 -"
b10 m
b10 /"
b10 #"
1G
#2570000
0G
#2575000
1*
1Y
1G
#2580000
0G
#2585000
0*
0Y
b1000 0"
b111000101100100010101110100101000111101001100000010001100010110 -"
b11 m
b11 /"
b11 #"
1G
#2590000
0G
#2595000
1(
1W
1*
1Y
1G
#2600000
0G
#2605000
b1 <
b10 D
b1001000000000000 ;
1E
1!
1P
0(
0W
0*
0Y
0N
b100 !"
b1001000000001100 |
b1001000000001100 e
b1001000000000000 f
b100 n
b1001000000000000 k
b10 j
b1 g
b100 ~
b100 }
b100 ""
b10 M
b1001000000000000 H
b1 I
b1100 d
b1100 c
b1110001 r
b1110001 u
b1000 x
b1000000100000000 t
b1000000100000000 s
b11 m
b100 w
b110011001101001011110000110010101100100010111110011010001100010011001010110000101110100 v
b100 /"
b100 #"
1G
#2610000
0G
#2615000
1+
1Z
0"
0Q
b1111 ^
b101110001001111010000100011010100101000000110110000111000000001 \
1_
0E
b0 <"
b100 >"
b1 5"
b10 9"
b1001000000000000 4"
b0 $"
1G
#2620000
0G
#2625000
b11110000 ^
b110001101010110010010010011110000101111001000100001010100001000 \
1+
1Z
b1 $"
b1 <"
b1000 ="
b1001000000000000 2"
b1001000000000000 1"
b1001000000000000 e
b0 m
b1111 ;"
b101110001001111010000100011010100101000000110110000111000000001 :"
1G
#2630000
0G
#2635000
1+
1Z
b1111 ^
b110101001011101010100000100001100110110001010010001110000001111 \
b10 <"
b1000 ="
b1001000000000100 1"
b1001000000000100 e
b1 m
b11110000 ;"
b110001101010110010010010011110000101111001000100001010100001000 :"
b10 $"
1G
#2640000
0G
#2645000
1]
b11110000 ^
b111000101100100010101110100101000111101001100000010001100010110 \
1+
1Z
b11 $"
b11 <"
b1000 ="
b1001000000001000 2"
b1001000000001000 1"
b1001000000001000 e
b10 m
b1111 ;"
b110101001011101010100000100001100110110001010010001110000001111 :"
1G
#2650000
0G
#2655000
0+
0Z
1F
0]
0_
b100 <"
b10000 ="
b1001000000001100 1"
b1001000000001100 e
b11 m
b11110000 ;"
b111000101100100010101110100101000111101001100000010001100010110 :"
b100 $"
1G
#2660000
0G
#2665000
1%
1T
1G
#2670000
0G
#2675000
b1 1
b10 9
b1001000000000000 0
1:
1"
1Q
0%
0T
0F
b1000 B"
b1001000000001000 @"
b1001000000001100 ?"
b1001000000001100 e
b11 m
b100 A"
1G
#2680000
0G
#2685000
0!
0P
1N
0:
b1000 0"
b110001101010110010010010011110000101000000110110000111000000001 -"
b1001000000000000 &"
b1001000000000000 %"
b1001000000000000 e
b0 m
b0 /"
b1 ("
b10 ,"
b1001000000000000 '"
b0 #"
1G
#2690000
0G
#2695000
b110001101010110010010010011110000101000000110110000111000000001 &
b110001101010110010010010011110000101000000110110000111000000001 U
1*
1Y
1G
#2700000
0G
#2705000
0*
0Y
b1000 0"
b110001101010110010010010011110000101000000110110000111000000001 -"
b1001000000000100 %"
b1001000000000100 e
b1 m
b1 /"
b1 #"
1G
#2710000
0G
#2715000
1*
1Y
1G
#2720000
0G
#2725000
0*
0Y
b1000 0"
b111000101100100010101110100101000110110001010010001110000001111 -"
b1001000000001000 &"
b1001000000001000 %"
b1001000000001000 e
b10 m
b10 /"
b10 #"
1G
#2730000
0G
#2735000
b111000101100100010101110100101000110110001010010001110000001111 &
b111000101100100010101110100101000110110001010010001110000001111 U
1*
1Y
1G
#2740000
0G
#2745000
0*
0Y
b1000 0"
b111000101100100010101110100101000110110001010010001110000001111 -"
b1001000000001100 %"
b1001000000001100 e
b11 m
b11 /"
b11 #"
1G
#2750000
0G
#2755000
1(
1W
1*
1Y
1G
#2760000
0G
#2765000
b1 D
b1001000100000000 ;
1E
1!
1P
0(
0W
0*
0Y
0N
b110 !"
b1001000100000110 |
b1001000100000000 f
b10 n
b1001000100000000 k
b1 j
b10 ~
b100 }
b10 ""
b1 M
b1001000100000000 H
b1101 d
b1101 c
b100 y
b1110001 r
b1110001 u
b100 x
b1001000000001000 t
b1001000000001100 s
b1001000100000110 e
b11 m
b100 w
b100 z
b11011100110000101110010011100100110111101110111010111110011010001000010 v
b100 /"
b100 #"
1G
#2770000
0G
#2775000
1+
1Z
0"
0Q
b11 ^
b101110001001111010000100011010100101000000110110000111000000001 \
1_
0E
b0 <"
b10 >"
b1 9"
b1001000100000000 4"
b0 $"
1G
#2780000
0G
#2785000
b1100 ^
b110001101010110010010010011110000101111001000100001010100001000 \
1+
1Z
b1 $"
b1 <"
b1000 ="
b1001000100000000 2"
b1001000100000000 1"
b1001000100000000 e
b0 m
b11 ;"
b101110001001111010000100011010100101000000110110000111000000001 :"
1G
#2790000
0G
#2795000
1+
1Z
b110000 ^
b110101001011101010100000100001100110110001010010001110000001111 \
b10 <"
b1000 ="
b1001000100000010 1"
b1001000100000010 e
b1 m
b1100 ;"
b110001101010110010010010011110000101111001000100001010100001000 :"
b10 $"
1G
#2800000
0G
#2805000
1]
b11000000 ^
b111000101100100010101110100101000111101001100000010001100010110 \
1+
1Z
b11 $"
b11 <"
b1000 ="
b1001000100000100 1"
b1001000100000100 e
b10 m
b110000 ;"
b110101001011101010100000100001100110110001010010001110000001111 :"
1G
#2810000
0G
#2815000
0+
0Z
1F
0]
0_
b100 <"
b10000 ="
b1001000100000110 1"
b1001000100000110 e
b11 m
b11000000 ;"
b111000101100100010101110100101000111101001100000010001100010110 :"
b100 $"
1G
#2820000
0G
#2825000
1%
1T
1G
#2830000
0G
#2835000
b1 9
b1001000100000000 0
1:
1"
1Q
0%
0T
0F
b1000 B"
b1001000100000000 @"
b1001000100000110 ?"
b1001000100000110 e
b11 m
b100 A"
1G
#2840000
0G
#2845000
0!
0P
1N
0:
b1000 0"
b111000101100100010100000100001100101111001000100000111000000001 -"
b1001000100000000 &"
b1001000100000000 %"
b1001000100000000 e
b0 m
b0 /"
b1 ,"
b1001000100000000 '"
b0 #"
1G
#2850000
0G
#2855000
b111000101100100010100000100001100101111001000100000111000000001 &
b111000101100100010100000100001100101111001000100000111000000001 U
1*
1Y
1G
#2860000
0G
#2865000
0*
0Y
b1000 0"
b111000101100100010100000100001100101111001000100000111000000001 -"
b1001000100000010 %"
b1001000100000010 e
b1 m
b1 /"
b1 #"
1G
#2870000
0G
#2875000
1*
1Y
1G
#2880000
0G
#2885000
0*
0Y
b1000 0"
b111000101100100010100000100001100101111001000100000111000000001 -"
b1001000100000100 %"
b1001000100000100 e
b10 m
b10 /"
b10 #"
1G
#2890000
0G
#2895000
1*
1Y
1G
#2900000
0G
#2905000
0*
0Y
b1000 0"
b111000101100100010100000100001100101111001000100000111000000001 -"
b1001000100000110 %"
b1001000100000110 e
b11 m
b11 /"
b11 #"
1G
#2910000
0G
#2915000
1(
1W
1*
1Y
1G
#2920000
0G
#2925000
b0 D
b1001001000000000 ;
1E
1!
1P
0(
0W
0*
0Y
0N
b11 !"
b1001001000000011 |
b1001001000000000 f
b1 n
b1001001000000000 k
b0 j
b1 ~
b100 }
b1 ""
b0 M
b1001001000000000 H
b1110 d
b1110 c
b1110001 r
b1110001 u
b10 x
b110 y
b1001000100000000 t
b1001000100000110 s
b1001001000000011 e
b11 m
b100 w
b10 z
b11011100110000101110010011100100110111101110111010111110011001001000010 v
b100 /"
b100 #"
1G
#2930000
0G
#2935000
1+
1Z
0"
0Q
b1 ^
b101110001001111010000100011010100101000000110110000111000000001 \
1_
0E
b0 <"
b1 >"
b0 9"
b1001001000000000 4"
b0 $"
1G
#2940000
0G
#2945000
b10 ^
b110001101010110010010010011110000101111001000100001010100001000 \
1+
1Z
b1 $"
b1 <"
b1000 ="
b1001001000000000 2"
b1001001000000000 1"
b1001001000000000 e
b0 m
b1 ;"
b101110001001111010000100011010100101000000110110000111000000001 :"
1G
#2950000
0G
#2955000
1+
1Z
b100 ^
b110101001011101010100000100001100110110001010010001110000001111 \
b10 <"
b1000 ="
b1001001000000001 1"
b1001001000000001 e
b1 m
b10 ;"
b110001101010110010010010011110000101111001000100001010100001000 :"
b10 $"
1G
#2960000
0G
#2965000
1]
b1000 ^
b111000101100100010101110100101000111101001100000010001100010110 \
1+
1Z
b11 $"
b11 <"
b1000 ="
b1001001000000010 1"
b1001001000000010 e
b10 m
b100 ;"
b110101001011101010100000100001100110110001010010001110000001111 :"
1G
#2970000
0G
#2975000
0+
0Z
1F
0]
0_
b100 <"
b10000 ="
b1001001000000011 1"
b1001001000000011 e
b11 m
b1000 ;"
b111000101100100010101110100101000111101001100000010001100010110 :"
b100 $"
1G
#2980000
0G
#2985000
1%
1T
1G
#2990000
0G
#2995000
b0 9
b1001001000000000 0
1:
1"
1Q
0%
0T
0F
b1000 B"
b1001001000000000 @"
b1001001000000011 ?"
b1001001000000011 e
b11 m
b100 A"
1G
#3000000
0G
#3005000
0!
0P
1N
0:
b1000 0"
b111101001010010001010100000001 -"
b1001001000000000 &"
b1001001000000000 %"
b1001001000000000 e
b0 m
b0 /"
b0 ,"
b1001001000000000 '"
b0 #"
1G
#3010000
0G
#3015000
b111101001010010001010100000001 &
b111101001010010001010100000001 U
1*
1Y
1G
#3020000
0G
#3025000
0*
0Y
b1000 0"
b111101001010010001010100000001 -"
b1001001000000001 %"
b1001001000000001 e
b1 m
b1 /"
b1 #"
1G
#3030000
0G
#3035000
1*
1Y
1G
#3040000
0G
#3045000
0*
0Y
b1000 0"
b111101001010010001010100000001 -"
b1001001000000010 %"
b1001001000000010 e
b10 m
b10 /"
b10 #"
1G
#3050000
0G
#3055000
1*
1Y
1G
#3060000
0G
#3065000
0*
0Y
b1000 0"
b111101001010010001010100000001 -"
b1001001000000011 %"
b1001001000000011 e
b11 m
b11 /"
b11 #"
1G
#3070000
0G
#3075000
1(
1W
1*
1Y
1G
#3080000
0G
#3085000
b10 D
b1010000000000010 ;
1E
1!
1P
0(
0W
0*
0Y
0N
b100 !"
b1010000000001100 |
b1010000000000000 f
b100 n
b1010000000000010 k
b10 j
b100 ~
b100 }
b100 ""
b10 M
b1010000000000010 H
b1111 d
b1111 c
b111101 r
b111101 u
b1 x
b11 y
b1001001000000000 t
b1001001000000011 s
b1010000000001100 e
b11 m
b100 w
b1 z
b11011100110000101110010011100100110111101110111010111110011000101000010 v
b100 /"
b100 #"
1G
#3090000
0G
#3095000
1+
1Z
0"
0Q
b111100 ^
b101111001010001010001000011011100101010000111010001000000000011 \
1_
0E
b0 <"
b100 >"
b10 9"
b1010000000000010 4"
b0 $"
1G
#3100000
0G
#3105000
b11110000 ^
b110010101011000010010110011111000110001001001000001011100001010 \
1+
1Z
b1 $"
b1 <"
b1000 ="
b1010000000000000 2"
b1010000000000010 1"
b1010000000000010 e
b0 m
b111100 ;"
b101111001010001010001000011011100101010000111010001000000000011 :"
1G
#3110000
0G
#3115000
1+
1Z
b1111 ^
b110110001011111010100100100010100111000001010110001111000010001 \
b10 <"
b1000 ="
b1010000000000100 1"
b1010000000000100 e
b1 m
b11110000 ;"
b110010101011000010010110011111000110001001001000001011100001010 :"
b10 $"
1G
#3120000
0G
#3125000
1]
b11110000 ^
b111001101100110010110010100110000111111001100100010010100011000 \
1+
1Z
b11 $"
b11 <"
b1000 ="
b1010000000001000 2"
b1010000000001000 1"
b1010000000001000 e
b10 m
b1111 ;"
b110110001011111010100100100010100111000001010110001111000010001 :"
1G
#3130000
0G
#3135000
0+
0Z
1F
0]
0_
b100 <"
b10000 ="
b1010000000001100 1"
b1010000000001100 e
b11 m
b11110000 ;"
b111001101100110010110010100110000111111001100100010010100011000 :"
b100 $"
1G
#3140000
0G
#3145000
1%
1T
1G
#3150000
0G
#3155000
b10 9
b1010000000000010 0
1:
1"
1Q
0%
0T
0F
b1000 B"
b1010000000001000 @"
b1010000000001100 ?"
b1010000000001100 e
b11 m
b100 A"
1G
#3160000
0G
#3165000
0!
0P
1N
0:
b1000 0"
b110010101011000010010110011111000101010000111010000000000000000 -"
b1010000000000000 &"
b1010000000000010 %"
b1010000000000010 e
b0 m
b0 /"
b10 ,"
b1010000000000010 '"
b0 #"
1G
#3170000
0G
#3175000
b110010101011000010010110011111000101010000111010000000000000000 &
b110010101011000010010110011111000101010000111010000000000000000 U
1*
1Y
1G
#3180000
0G
#3185000
0*
0Y
b1000 0"
b110010101011000010010110011111000101010000111010000000000000000 -"
b1010000000000100 %"
b1010000000000100 e
b1 m
b1 /"
b1 #"
1G
#3190000
0G
#3195000
1*
1Y
1G
#3200000
0G
#3205000
0*
0Y
b1000 0"
b111001101100110010110010100110000111000001010110001111000010001 -"
b1010000000001000 &"
b1010000000001000 %"
b1010000000001000 e
b10 m
b10 /"
b10 #"
1G
#3210000
0G
#3215000
b111001101100110010110010100110000111000001010110001111000010001 &
b111001101100110010110010100110000111000001010110001111000010001 U
1*
1Y
1G
#3220000
0G
#3225000
0*
0Y
b1000 0"
b111001101100110010110010100110000111000001010110001111000010001 -"
b1010000000001100 %"
b1010000000001100 e
b11 m
b11 /"
b11 #"
1G
#3230000
0G
#3235000
1(
1W
1*
1Y
1G
#3240000
0G
#3245000
b1 D
b1010000100000001 ;
1E
1!
1P
0(
0W
0*
0Y
0N
b110 !"
b1010000100000110 |
b1010000100000000 f
b10 n
b1010000100000001 k
b1 j
b10 ~
b100 }
b10 ""
b1 M
b1010000100000001 H
b10000 d
b10000 c
b1110011 r
b1110011 u
b100 x
b100 y
b1010000000001000 t
b1010000000001100 s
b1010000100000110 e
b11 m
b100 w
b100 z
b11101010110111001100001011011000110100101100111011011100110010101100100010111110011010001000010 v
b100 /"
b100 #"
1G
#3250000
0G
#3255000
1+
1Z
0"
0Q
b110 ^
b101110101010000010000110011011000101001000111000000111100000010 \
1_
0E
b0 <"
b10 >"
b1 9"
b1010000100000001 4"
b0 $"
1G
#3260000
0G
#3265000
b1100 ^
b110010001010111010010100011110100110000001000110001011000001001 \
1+
1Z
b1 $"
b1 <"
b1000 ="
b1010000100000000 2"
b1010000100000001 1"
b1010000100000001 e
b0 m
b110 ;"
b101110101010000010000110011011000101001000111000000111100000010 :"
1G
#3270000
0G
#3275000
1+
1Z
b110000 ^
b110101101011110010100010100010000110111001010100001110100010000 \
b10 <"
b1000 ="
b1010000100000010 1"
b1010000100000010 e
b1 m
b1100 ;"
b110010001010111010010100011110100110000001000110001011000001001 :"
b10 $"
1G
#3280000
0G
#3285000
1]
b11000000 ^
b111001001100101010110000100101100111110001100010010010000010111 \
1+
1Z
b11 $"
b11 <"
b1000 ="
b1010000100000100 1"
b1010000100000100 e
b10 m
b110000 ;"
b110101101011110010100010100010000110111001010100001110100010000 :"
1G
#3290000
0G
#3295000
0+
0Z
1F
0]
0_
b100 <"
b10000 ="
b1010000100000110 1"
b1010000100000110 e
b11 m
b11000000 ;"
b111001001100101010110000100101100111110001100010010010000010111 :"
b100 $"
1G
#3300000
0G
#3305000
1%
1T
1G
#3310000
0G
#3315000
b1 9
b1010000100000001 0
1:
1"
1Q
0%
0T
0F
b1000 B"
b1010000100000000 @"
b1010000100000110 ?"
b1010000100000110 e
b11 m
b100 A"
1G
#3320000
0G
#3325000
0!
0P
1N
0:
b1000 0"
b111001001100101010100010100010000110000001000110000111100000000 -"
b1010000100000000 &"
b1010000100000001 %"
b1010000100000001 e
b0 m
b0 /"
b1 ,"
b1010000100000001 '"
b0 #"
1G
#3330000
0G
#3335000
b111001001100101010100010100010000110000001000110000111100000000 &
b111001001100101010100010100010000110000001000110000111100000000 U
1*
1Y
1G
#3340000
0G
#3345000
0*
0Y
b1000 0"
b111001001100101010100010100010000110000001000110000111100000000 -"
b1010000100000010 %"
b1010000100000010 e
b1 m
b1 /"
b1 #"
1G
#3350000
0G
#3355000
1*
1Y
1G
#3360000
0G
#3365000
0*
0Y
b1000 0"
b111001001100101010100010100010000110000001000110000111100000000 -"
b1010000100000100 %"
b1010000100000100 e
b10 m
b10 /"
b10 #"
1G
#3370000
0G
#3375000
1*
1Y
1G
#3380000
0G
#3385000
0*
0Y
b1000 0"
b111001001100101010100010100010000110000001000110000111100000000 -"
b1010000100000110 %"
b1010000100000110 e
b11 m
b11 /"
b11 #"
1G
#3390000
0G
#3395000
1(
1W
1*
1Y
1G
#3400000
0G
#3405000
b11 D
b0 ?
b1011000000000000 ;
1E
1!
1P
0(
0W
0*
0Y
0N
b0 !"
b1011000000000000 |
b1011000000000000 f
b1000 n
b1011000000000000 k
b0 h
b11 j
b1000 ~
b1 }
b1000 ""
b11 M
b0 K
b1011000000000000 H
b10001 d
b10001 c
b1110010 r
b1110010 u
b10 x
b110 y
b1010000100000000 t
b1010000100000110 s
b1011000000000000 e
b0 m
b100 w
b10 z
b11101010110111001100001011011000110100101100111011011100110010101100100010111110011001001000010 v
b100 /"
b100 #"
1G
#3410000
0G
#3415000
1+
1Z
0"
0Q
1]
b1111 ^
b101110001001111010000100011010100101000000110110000111000000001 \
1_
0E
b0 <"
b1000 >"
b11 9"
b0 7"
b1011000000000000 4"
b0 $"
1G
#3420000
0G
#3425000
1F
0]
0_
0+
0Z
b1 $"
b1 <"
b10000 ="
b1011000000000000 2"
b1011000000000000 1"
b1111 ;"
b101110001001111010000100011010100101000000110110000111000000001 :"
1G
#3430000
0G
#3435000
1%
1T
1G
#3440000
0G
#3445000
b11 9
b0 4
b1011000000000000 0
1:
0F
1"
1Q
0%
0T
b1000 q
b1011000000000000 p
1G
#3450000
0G
#3455000
0!
0P
1N
0:
b1000 0"
b101000000110110000111000000001 -"
b1011000000000000 &"
b1011000000000000 %"
b0 /"
b11 ,"
b0 *"
b1011000000000000 '"
b0 #"
1G
#3460000
0G
#3465000
1(
1W
b101000000110110000111000000001 &
b101000000110110000111000000001 U
1*
1Y
1G
#3470000
0G
#3475000
b11 ?
b1100000000000000 ;
1E
1!
1P
0(
0W
0*
0Y
0N
b11 m
b1100000000011000 |
b1100000000011000 e
b1100000000000000 f
b1100000000000000 k
b11 h
b1000 ~
b100 }
b11 K
b1100000000000000 H
b0 a
b10010 d
b10010 c
b0 r
b0 u
b1000 x
b0 y
b1011000000000000 t
b1011000000000000 s
b1 w
b1000 z
b110001001111001011101000110010101011111011100110111010001110010011011110110001001100101 v
b1 /"
b1 #"
1G
#3480000
0G
#3485000
1+
1Z
0"
0Q
b11111111 ^
1_
0E
b0 <"
b11 7"
b1100000000000000 4"
b0 $"
1G
#3490000
0G
#3495000
b110001101010110010010010011110000101111001000100001010100001000 \
1+
1Z
b1 $"
b1 <"
b1000 ="
b1100000000000000 2"
b1100000000000000 1"
b1100000000000000 e
b0 m
b11111111 ;"
1G
#3500000
0G
#3505000
1+
1Z
b110101001011101010100000100001100110110001010010001110000001111 \
b10 <"
b1000 ="
b1100000000001000 2"
b1100000000001000 1"
b1100000000001000 e
b1 m
b110001101010110010010010011110000101111001000100001010100001000 :"
b10 $"
1G
#3510000
0G
#3515000
1]
b111000101100100010101110100101000111101001100000010001100010110 \
1+
1Z
b11 $"
b11 <"
b1000 ="
b1100000000010000 2"
b1100000000010000 1"
b1100000000010000 e
b10 m
b110101001011101010100000100001100110110001010010001110000001111 :"
1G
#3520000
0G
#3525000
0+
0Z
1F
0]
0_
b100 <"
b10000 ="
b1100000000011000 2"
b1100000000011000 1"
b1100000000011000 e
b11 m
b111000101100100010101110100101000111101001100000010001100010110 :"
b100 $"
1G
#3530000
0G
#3535000
1%
1T
1G
#3540000
0G
#3545000
b1100000100000000 ;
b1 >
1E
1"
1Q
0%
0T
0F
b1100000100011000 |
b1100000100000000 f
b1100000100000000 k
b1000 ~
b100 }
b1100000100000000 H
b1 J
b1 a
b1000 B"
b1100000000011000 @"
b1100000000011000 ?"
b1100000100011000 e
b11 m
b100 A"
1G
#3550000
0G
#3555000
1+
1Z
0"
0Q
b101110001001111010000100011010100101000000110110000111000000001 \
1_
0E
b0 <"
b1100000100000000 4"
b1 6"
b0 $"
1G
#3560000
0G
#3565000
b110001101010110010010010011110000101111001000100001010100001000 \
1+
1Z
b1 $"
b1 <"
b1000 ="
b1100000100000000 2"
b1100000100000000 1"
b1100000100000000 e
b0 m
b101110001001111010000100011010100101000000110110000111000000001 :"
1G
#3570000
0G
#3575000
1+
1Z
b110101001011101010100000100001100110110001010010001110000001111 \
b10 <"
b1000 ="
b1100000100001000 2"
b1100000100001000 1"
b1100000100001000 e
b1 m
b110001101010110010010010011110000101111001000100001010100001000 :"
b10 $"
1G
#3580000
0G
#3585000
1]
b111000101100100010101110100101000111101001100000010001100010110 \
1+
1Z
b11 $"
b11 <"
b1000 ="
b1100000100010000 2"
b1100000100010000 1"
b1100000100010000 e
b10 m
b110101001011101010100000100001100110110001010010001110000001111 :"
1G
#3590000
0G
#3595000
0+
0Z
1F
0]
0_
b100 <"
b10000 ="
b1100000100011000 2"
b1100000100011000 1"
b1100000100011000 e
b11 m
b111000101100100010101110100101000111101001100000010001100010110 :"
b100 $"
1G
#3600000
0G
#3605000
b1 #
b1 R
1%
1T
1G
#3610000
0G
#3615000
b1100001000000000 ;
b10 >
1E
1"
1Q
0%
0T
0F
b1100001000011000 |
b1100001000000000 f
b1100001000000000 k
b1000 ~
b100 }
b1100001000000000 H
b10 J
b10 a
b1000 B"
b1100000100011000 @"
b1100000100011000 ?"
b1100001000011000 e
b11 m
b100 A"
1G
#3620000
0G
#3625000
1+
1Z
0"
0Q
b101110001001111010000100011010100101000000110110000111000000001 \
1_
0E
b0 <"
b1100001000000000 4"
b10 6"
b0 $"
1G
#3630000
0G
#3635000
b110001101010110010010010011110000101111001000100001010100001000 \
1+
1Z
b1 $"
b1 <"
b1000 ="
b1100001000000000 2"
b1100001000000000 1"
b1100001000000000 e
b0 m
b101110001001111010000100011010100101000000110110000111000000001 :"
1G
#3640000
0G
#3645000
1+
1Z
b110101001011101010100000100001100110110001010010001110000001111 \
b10 <"
b1000 ="
b1100001000001000 2"
b1100001000001000 1"
b1100001000001000 e
b1 m
b110001101010110010010010011110000101111001000100001010100001000 :"
b10 $"
1G
#3650000
0G
#3655000
1]
b111000101100100010101110100101000111101001100000010001100010110 \
1+
1Z
b11 $"
b11 <"
b1000 ="
b1100001000010000 2"
b1100001000010000 1"
b1100001000010000 e
b10 m
b110101001011101010100000100001100110110001010010001110000001111 :"
1G
#3660000
0G
#3665000
0+
0Z
1F
0]
0_
b100 <"
b10000 ="
b1100001000011000 2"
b1100001000011000 1"
b1100001000011000 e
b11 m
b111000101100100010101110100101000111101001100000010001100010110 :"
b100 $"
1G
#3670000
0G
#3675000
b10 #
b10 R
1%
1T
1G
#3680000
0G
#3685000
b1100001100000000 ;
b11 >
1E
1"
1Q
0%
0T
0F
b1100001100011000 |
b1100001100000000 f
b1100001100000000 k
b1000 ~
b100 }
b1100001100000000 H
b11 J
b11 a
b1000 B"
b1100001000011000 @"
b1100001000011000 ?"
b1100001100011000 e
b11 m
b100 A"
1G
#3690000
0G
#3695000
1+
1Z
0"
0Q
b101110001001111010000100011010100101000000110110000111000000001 \
1_
0E
b0 <"
b1100001100000000 4"
b11 6"
b0 $"
1G
#3700000
0G
#3705000
b110001101010110010010010011110000101111001000100001010100001000 \
1+
1Z
b1 $"
b1 <"
b1000 ="
b1100001100000000 2"
b1100001100000000 1"
b1100001100000000 e
b0 m
b101110001001111010000100011010100101000000110110000111000000001 :"
1G
#3710000
0G
#3715000
1+
1Z
b110101001011101010100000100001100110110001010010001110000001111 \
b10 <"
b1000 ="
b1100001100001000 2"
b1100001100001000 1"
b1100001100001000 e
b1 m
b110001101010110010010010011110000101111001000100001010100001000 :"
b10 $"
1G
#3720000
0G
#3725000
1]
b111000101100100010101110100101000111101001100000010001100010110 \
1+
1Z
b11 $"
b11 <"
b1000 ="
b1100001100010000 2"
b1100001100010000 1"
b1100001100010000 e
b10 m
b110101001011101010100000100001100110110001010010001110000001111 :"
1G
#3730000
0G
#3735000
0+
0Z
1F
0]
0_
b100 <"
b10000 ="
b1100001100011000 2"
b1100001100011000 1"
b1100001100011000 e
b11 m
b111000101100100010101110100101000111101001100000010001100010110 :"
b100 $"
1G
#3740000
0G
#3745000
b11 #
b11 R
1%
1T
1G
#3750000
0G
#3755000
b1100010000000000 ;
b100 >
1E
1"
1Q
0%
0T
0F
b1100010000011000 |
b1100010000000000 f
b1100010000000000 k
b1000 ~
b100 }
b1100010000000000 H
b100 J
b100 a
b1000 B"
b1100001100011000 @"
b1100001100011000 ?"
b1100010000011000 e
b11 m
b100 A"
1G
#3760000
0G
#3765000
1+
1Z
0"
0Q
b101110001001111010000100011010100101000000110110000111000000001 \
1_
0E
b0 <"
b1100010000000000 4"
b100 6"
b0 $"
1G
#3770000
0G
#3775000
b110001101010110010010010011110000101111001000100001010100001000 \
1+
1Z
b1 $"
b1 <"
b1000 ="
b1100010000000000 2"
b1100010000000000 1"
b1100010000000000 e
b0 m
b101110001001111010000100011010100101000000110110000111000000001 :"
1G
#3780000
0G
#3785000
1+
1Z
b110101001011101010100000100001100110110001010010001110000001111 \
b10 <"
b1000 ="
b1100010000001000 2"
b1100010000001000 1"
b1100010000001000 e
b1 m
b110001101010110010010010011110000101111001000100001010100001000 :"
b10 $"
1G
#3790000
0G
#3795000
1]
b111000101100100010101110100101000111101001100000010001100010110 \
1+
1Z
b11 $"
b11 <"
b1000 ="
b1100010000010000 2"
b1100010000010000 1"
b1100010000010000 e
b10 m
b110101001011101010100000100001100110110001010010001110000001111 :"
1G
#3800000
0G
#3805000
0+
0Z
1F
0]
0_
b100 <"
b10000 ="
b1100010000011000 2"
b1100010000011000 1"
b1100010000011000 e
b11 m
b111000101100100010101110100101000111101001100000010001100010110 :"
b100 $"
1G
#3810000
0G
#3815000
b100 #
b100 R
1%
1T
1G
#3820000
0G
#3825000
b1100010100000000 ;
b101 >
1E
1"
1Q
0%
0T
0F
b1100010100011000 |
b1100010100000000 f
b1100010100000000 k
b1000 ~
b100 }
b1100010100000000 H
b101 J
b101 a
b1000 B"
b1100010000011000 @"
b1100010000011000 ?"
b1100010100011000 e
b11 m
b100 A"
1G
#3830000
0G
#3835000
1+
1Z
0"
0Q
b101110001001111010000100011010100101000000110110000111000000001 \
1_
0E
b0 <"
b1100010100000000 4"
b101 6"
b0 $"
1G
#3840000
0G
#3845000
b110001101010110010010010011110000101111001000100001010100001000 \
1+
1Z
b1 $"
b1 <"
b1000 ="
b1100010100000000 2"
b1100010100000000 1"
b1100010100000000 e
b0 m
b101110001001111010000100011010100101000000110110000111000000001 :"
1G
#3850000
0G
#3855000
1+
1Z
b110101001011101010100000100001100110110001010010001110000001111 \
b10 <"
b1000 ="
b1100010100001000 2"
b1100010100001000 1"
b1100010100001000 e
b1 m
b110001101010110010010010011110000101111001000100001010100001000 :"
b10 $"
1G
#3860000
0G
#3865000
1]
b111000101100100010101110100101000111101001100000010001100010110 \
1+
1Z
b11 $"
b11 <"
b1000 ="
b1100010100010000 2"
b1100010100010000 1"
b1100010100010000 e
b10 m
b110101001011101010100000100001100110110001010010001110000001111 :"
1G
#3870000
0G
#3875000
0+
0Z
1F
0]
0_
b100 <"
b10000 ="
b1100010100011000 2"
b1100010100011000 1"
b1100010100011000 e
b11 m
b111000101100100010101110100101000111101001100000010001100010110 :"
b100 $"
1G
#3880000
0G
#3885000
b101 #
b101 R
1%
1T
1G
#3890000
0G
#3895000
b1100011000000000 ;
b110 >
1E
1"
1Q
0%
0T
0F
b1100011000011000 |
b1100011000000000 f
b1100011000000000 k
b1000 ~
b100 }
b1100011000000000 H
b110 J
b110 a
b1000 B"
b1100010100011000 @"
b1100010100011000 ?"
b1100011000011000 e
b11 m
b100 A"
1G
#3900000
0G
#3905000
1+
1Z
0"
0Q
b101110001001111010000100011010100101000000110110000111000000001 \
1_
0E
b0 <"
b1100011000000000 4"
b110 6"
b0 $"
1G
#3910000
0G
#3915000
b110001101010110010010010011110000101111001000100001010100001000 \
1+
1Z
b1 $"
b1 <"
b1000 ="
b1100011000000000 2"
b1100011000000000 1"
b1100011000000000 e
b0 m
b101110001001111010000100011010100101000000110110000111000000001 :"
1G
#3920000
0G
#3925000
1+
1Z
b110101001011101010100000100001100110110001010010001110000001111 \
b10 <"
b1000 ="
b1100011000001000 2"
b1100011000001000 1"
b1100011000001000 e
b1 m
b110001101010110010010010011110000101111001000100001010100001000 :"
b10 $"
1G
#3930000
0G
#3935000
1]
b111000101100100010101110100101000111101001100000010001100010110 \
1+
1Z
b11 $"
b11 <"
b1000 ="
b1100011000010000 2"
b1100011000010000 1"
b1100011000010000 e
b10 m
b110101001011101010100000100001100110110001010010001110000001111 :"
1G
#3940000
0G
#3945000
0+
0Z
1F
0]
0_
b100 <"
b10000 ="
b1100011000011000 2"
b1100011000011000 1"
b1100011000011000 e
b11 m
b111000101100100010101110100101000111101001100000010001100010110 :"
b100 $"
1G
#3950000
0G
#3955000
b110 #
b110 R
1%
1T
1G
#3960000
0G
#3965000
b1100011100000000 ;
b111 >
1E
1"
1Q
0%
0T
0F
b1100011100011000 |
b1100011100000000 f
b1100011100000000 k
b1000 ~
b100 }
b1100011100000000 H
b111 J
b111 a
b1000 B"
b1100011000011000 @"
b1100011000011000 ?"
b1100011100011000 e
b11 m
b100 A"
1G
#3970000
0G
#3975000
1+
1Z
0"
0Q
b101110001001111010000100011010100101000000110110000111000000001 \
1_
0E
b0 <"
b1100011100000000 4"
b111 6"
b0 $"
1G
#3980000
0G
#3985000
b110001101010110010010010011110000101111001000100001010100001000 \
1+
1Z
b1 $"
b1 <"
b1000 ="
b1100011100000000 2"
b1100011100000000 1"
b1100011100000000 e
b0 m
b101110001001111010000100011010100101000000110110000111000000001 :"
1G
#3990000
0G
#3995000
1+
1Z
b110101001011101010100000100001100110110001010010001110000001111 \
b10 <"
b1000 ="
b1100011100001000 2"
b1100011100001000 1"
b1100011100001000 e
b1 m
b110001101010110010010010011110000101111001000100001010100001000 :"
b10 $"
1G
#4000000
0G
#4005000
1]
b111000101100100010101110100101000111101001100000010001100010110 \
1+
1Z
b11 $"
b11 <"
b1000 ="
b1100011100010000 2"
b1100011100010000 1"
b1100011100010000 e
b10 m
b110101001011101010100000100001100110110001010010001110000001111 :"
1G
#4010000
0G
#4015000
0+
0Z
1F
0]
0_
b100 <"
b10000 ="
b1100011100011000 2"
b1100011100011000 1"
b1100011100011000 e
b11 m
b111000101100100010101110100101000111101001100000010001100010110 :"
b100 $"
1G
#4020000
0G
#4025000
b111 #
b111 R
1%
1T
1G
#4030000
0G
#4035000
b11 4
b1100000000000000 0
1:
1"
1Q
0%
0T
0F
b1100000000000000 H
b0 J
b0 a
b1000 B"
b1100011100011000 @"
b1100011100011000 ?"
b1100011100011000 e
b11 m
b100 A"
1G
#4040000
0G
#4045000
0!
0P
1N
0:
b1000 0"
b101110001001111010000100011010100101000000110110000111000000001 -"
b1100000000000000 &"
b1100000000000000 %"
b1100000000000000 e
b1100000000000000 f
b1100000000000000 k
b0 m
b0 /"
b11 *"
b1100000000000000 '"
b0 #"
1G
#4050000
0G
#4055000
b101110001001111010000100011010100101000000110110000111000000001 &
b101110001001111010000100011010100101000000110110000111000000001 U
1*
1Y
1G
#4060000
0G
#4065000
0*
0Y
b1000 0"
b110001101010110010010010011110000101111001000100001010100001000 -"
b1100000000001000 &"
b1100000000001000 %"
b1100000000001000 e
b1 m
b1 /"
b1 #"
1G
#4070000
0G
#4075000
b110001101010110010010010011110000101111001000100001010100001000 &
b110001101010110010010010011110000101111001000100001010100001000 U
1*
1Y
1G
#4080000
0G
#4085000
0*
0Y
b1000 0"
b110101001011101010100000100001100110110001010010001110000001111 -"
b1100000000010000 &"
b1100000000010000 %"
b1100000000010000 e
b10 m
b10 /"
b10 #"
1G
#4090000
0G
#4095000
b110101001011101010100000100001100110110001010010001110000001111 &
b110101001011101010100000100001100110110001010010001110000001111 U
1*
1Y
1G
#4100000
0G
#4105000
0*
0Y
b1000 0"
b111000101100100010101110100101000111101001100000010001100010110 -"
b1100000000011000 &"
b1100000000011000 %"
b1100000000011000 e
b11 m
b11 /"
b11 #"
1G
#4110000
0G
#4115000
1(
1W
b111000101100100010101110100101000111101001100000010001100010110 &
b111000101100100010101110100101000111101001100000010001100010110 U
1*
1Y
1G
#4120000
0G
#4125000
b1100000100000000 0
b1 3
1:
1!
1P
0(
0W
0*
0Y
0N
b1100000100000000 H
b1 J
b1 a
b10011 d
b10011 c
b1110001 r
b1110001 u
b1000 x
b1100000000011000 t
b1100000000011000 s
b1100000000011000 e
b11 m
b100 w
b110111101110101011101000111001101110100011000010110111001100100011010010110111001100111 v
b100 /"
b100 #"
1G
#4130000
0G
#4135000
0!
0P
1N
0:
b1000 0"
b101110001001111010000100011010100101000000110110000111000000001 -"
b1100000100000000 &"
b1100000100000000 %"
b1100000100000000 e
b1100000100000000 f
b1100000100000000 k
b0 m
b0 /"
b1100000100000000 '"
b1 )"
b0 #"
1G
#4140000
0G
#4145000
b101110001001111010000100011010100101000000110110000111000000001 &
b101110001001111010000100011010100101000000110110000111000000001 U
b1 '
b1 V
1*
1Y
1G
#4150000
0G
#4155000
0*
0Y
b1000 0"
b110001101010110010010010011110000101111001000100001010100001000 -"
b1100000100001000 &"
b1100000100001000 %"
b1100000100001000 e
b1 m
b1 /"
b1 #"
1G
#4160000
0G
#4165000
b110001101010110010010010011110000101111001000100001010100001000 &
b110001101010110010010010011110000101111001000100001010100001000 U
1*
1Y
1G
#4170000
0G
#4175000
0*
0Y
b1000 0"
b110101001011101010100000100001100110110001010010001110000001111 -"
b1100000100010000 &"
b1100000100010000 %"
b1100000100010000 e
b10 m
b10 /"
b10 #"
1G
#4180000
0G
#4185000
b110101001011101010100000100001100110110001010010001110000001111 &
b110101001011101010100000100001100110110001010010001110000001111 U
1*
1Y
1G
#4190000
0G
#4195000
0*
0Y
b1000 0"
b111000101100100010101110100101000111101001100000010001100010110 -"
b1100000100011000 &"
b1100000100011000 %"
b1100000100011000 e
b11 m
b11 /"
b11 #"
1G
#4200000
0G
#4205000
1(
1W
b111000101100100010101110100101000111101001100000010001100010110 &
b111000101100100010101110100101000111101001100000010001100010110 U
1*
1Y
1G
#4210000
0G
#4215000
b1100001000000000 0
b10 3
1:
1!
1P
0(
0W
0*
0Y
0N
b1100001000000000 H
b10 J
b10 a
b10100 d
b10100 c
b1110001 r
b1110001 u
b1000 x
b1100000100011000 t
b1100000100011000 s
b1100000100011000 e
b11 m
b100 w
b100 /"
b100 #"
1G
#4220000
0G
#4225000
0!
0P
1N
0:
b1000 0"
b101110001001111010000100011010100101000000110110000111000000001 -"
b1100001000000000 &"
b1100001000000000 %"
b1100001000000000 e
b1100001000000000 f
b1100001000000000 k
b0 m
b0 /"
b1100001000000000 '"
b10 )"
b0 #"
1G
#4230000
0G
#4235000
b101110001001111010000100011010100101000000110110000111000000001 &
b101110001001111010000100011010100101000000110110000111000000001 U
b10 '
b10 V
1*
1Y
1G
#4240000
0G
#4245000
0*
0Y
b1000 0"
b110001101010110010010010011110000101111001000100001010100001000 -"
b1100001000001000 &"
b1100001000001000 %"
b1100001000001000 e
b1 m
b1 /"
b1 #"
1G
#4250000
0G
#4255000
b110001101010110010010010011110000101111001000100001010100001000 &
b110001101010110010010010011110000101111001000100001010100001000 U
1*
1Y
1G
#4260000
0G
#4265000
0*
0Y
b1000 0"
b110101001011101010100000100001100110110001010010001110000001111 -"
b1100001000010000 &"
b1100001000010000 %"
b1100001000010000 e
b10 m
b10 /"
b10 #"
1G
#4270000
0G
#4275000
b110101001011101010100000100001100110110001010010001110000001111 &
b110101001011101010100000100001100110110001010010001110000001111 U
1*
1Y
1G
#4280000
0G
#4285000
0*
0Y
b1000 0"
b111000101100100010101110100101000111101001100000010001100010110 -"
b1100001000011000 &"
b1100001000011000 %"
b1100001000011000 e
b11 m
b11 /"
b11 #"
1G
#4290000
0G
#4295000
1(
1W
b111000101100100010101110100101000111101001100000010001100010110 &
b111000101100100010101110100101000111101001100000010001100010110 U
1*
1Y
1G
#4300000
0G
#4305000
b1100001100000000 0
b11 3
1:
1!
1P
0(
0W
0*
0Y
0N
b1100001100000000 H
b11 J
b11 a
b10101 d
b10101 c
b1110001 r
b1110001 u
b1000 x
b1100001000011000 t
b1100001000011000 s
b1100001000011000 e
b11 m
b100 w
b100 /"
b100 #"
1G
#4310000
0G
#4315000
0!
0P
1N
0:
b1000 0"
b101110001001111010000100011010100101000000110110000111000000001 -"
b1100001100000000 &"
b1100001100000000 %"
b1100001100000000 e
b1100001100000000 f
b1100001100000000 k
b0 m
b0 /"
b1100001100000000 '"
b11 )"
b0 #"
1G
#4320000
0G
#4325000
b101110001001111010000100011010100101000000110110000111000000001 &
b101110001001111010000100011010100101000000110110000111000000001 U
b11 '
b11 V
1*
1Y
1G
#4330000
0G
#4335000
0*
0Y
b1000 0"
b110001101010110010010010011110000101111001000100001010100001000 -"
b1100001100001000 &"
b1100001100001000 %"
b1100001100001000 e
b1 m
b1 /"
b1 #"
1G
#4340000
0G
#4345000
b110001101010110010010010011110000101111001000100001010100001000 &
b110001101010110010010010011110000101111001000100001010100001000 U
1*
1Y
1G
#4350000
0G
#4355000
0*
0Y
b1000 0"
b110101001011101010100000100001100110110001010010001110000001111 -"
b1100001100010000 &"
b1100001100010000 %"
b1100001100010000 e
b10 m
b10 /"
b10 #"
1G
#4360000
0G
#4365000
b110101001011101010100000100001100110110001010010001110000001111 &
b110101001011101010100000100001100110110001010010001110000001111 U
1*
1Y
1G
#4370000
0G
#4375000
0*
0Y
b1000 0"
b111000101100100010101110100101000111101001100000010001100010110 -"
b1100001100011000 &"
b1100001100011000 %"
b1100001100011000 e
b11 m
b11 /"
b11 #"
1G
#4380000
0G
#4385000
1(
1W
b111000101100100010101110100101000111101001100000010001100010110 &
b111000101100100010101110100101000111101001100000010001100010110 U
1*
1Y
1G
#4390000
0G
#4395000
b1100010000000000 0
b100 3
1:
1!
1P
0(
0W
0*
0Y
0N
b1100010000000000 H
b100 J
b100 a
b10110 d
b10110 c
b1110001 r
b1110001 u
b1000 x
b1100001100011000 t
b1100001100011000 s
b1100001100011000 e
b11 m
b100 w
b100 /"
b100 #"
1G
#4400000
0G
#4405000
0!
0P
1N
0:
b1000 0"
b101110001001111010000100011010100101000000110110000111000000001 -"
b1100010000000000 &"
b1100010000000000 %"
b1100010000000000 e
b1100010000000000 f
b1100010000000000 k
b0 m
b0 /"
b1100010000000000 '"
b100 )"
b0 #"
1G
#4410000
0G
#4415000
b101110001001111010000100011010100101000000110110000111000000001 &
b101110001001111010000100011010100101000000110110000111000000001 U
b100 '
b100 V
1*
1Y
1G
#4420000
0G
#4425000
0*
0Y
b1000 0"
b110001101010110010010010011110000101111001000100001010100001000 -"
b1100010000001000 &"
b1100010000001000 %"
b1100010000001000 e
b1 m
b1 /"
b1 #"
1G
#4430000
0G
#4435000
b110001101010110010010010011110000101111001000100001010100001000 &
b110001101010110010010010011110000101111001000100001010100001000 U
1*
1Y
1G
#4440000
0G
#4445000
0*
0Y
b1000 0"
b110101001011101010100000100001100110110001010010001110000001111 -"
b1100010000010000 &"
b1100010000010000 %"
b1100010000010000 e
b10 m
b10 /"
b10 #"
1G
#4450000
0G
#4455000
b110101001011101010100000100001100110110001010010001110000001111 &
b110101001011101010100000100001100110110001010010001110000001111 U
1*
1Y
1G
#4460000
0G
#4465000
0*
0Y
b1000 0"
b111000101100100010101110100101000111101001100000010001100010110 -"
b1100010000011000 &"
b1100010000011000 %"
b1100010000011000 e
b11 m
b11 /"
b11 #"
1G
#4470000
0G
#4475000
1(
1W
b111000101100100010101110100101000111101001100000010001100010110 &
b111000101100100010101110100101000111101001100000010001100010110 U
1*
1Y
1G
#4480000
0G
#4485000
b1100010100000000 0
b101 3
1:
1!
1P
0(
0W
0*
0Y
0N
b1100010100000000 H
b101 J
b101 a
b10111 d
b10111 c
b1110001 r
b1110001 u
b1000 x
b1100010000011000 t
b1100010000011000 s
b1100010000011000 e
b11 m
b100 w
b100 /"
b100 #"
1G
#4490000
0G
#4495000
0!
0P
1N
0:
b1000 0"
b101110001001111010000100011010100101000000110110000111000000001 -"
b1100010100000000 &"
b1100010100000000 %"
b1100010100000000 e
b1100010100000000 f
b1100010100000000 k
b0 m
b0 /"
b1100010100000000 '"
b101 )"
b0 #"
1G
#4500000
0G
#4505000
b101110001001111010000100011010100101000000110110000111000000001 &
b101110001001111010000100011010100101000000110110000111000000001 U
b101 '
b101 V
1*
1Y
1G
#4510000
0G
#4515000
0*
0Y
b1000 0"
b110001101010110010010010011110000101111001000100001010100001000 -"
b1100010100001000 &"
b1100010100001000 %"
b1100010100001000 e
b1 m
b1 /"
b1 #"
1G
#4520000
0G
#4525000
b110001101010110010010010011110000101111001000100001010100001000 &
b110001101010110010010010011110000101111001000100001010100001000 U
1*
1Y
1G
#4530000
0G
#4535000
0*
0Y
b1000 0"
b110101001011101010100000100001100110110001010010001110000001111 -"
b1100010100010000 &"
b1100010100010000 %"
b1100010100010000 e
b10 m
b10 /"
b10 #"
1G
#4540000
0G
#4545000
b110101001011101010100000100001100110110001010010001110000001111 &
b110101001011101010100000100001100110110001010010001110000001111 U
1*
1Y
1G
#4550000
0G
#4555000
0*
0Y
b1000 0"
b111000101100100010101110100101000111101001100000010001100010110 -"
b1100010100011000 &"
b1100010100011000 %"
b1100010100011000 e
b11 m
b11 /"
b11 #"
1G
#4560000
0G
#4565000
1(
1W
b111000101100100010101110100101000111101001100000010001100010110 &
b111000101100100010101110100101000111101001100000010001100010110 U
1*
1Y
1G
#4570000
0G
#4575000
b1100011000000000 0
b110 3
1:
1!
1P
0(
0W
0*
0Y
0N
b1100011000000000 H
b110 J
b110 a
b11000 d
b11000 c
b1110001 r
b1110001 u
b1000 x
b1100010100011000 t
b1100010100011000 s
b1100010100011000 e
b11 m
b100 w
b100 /"
b100 #"
1G
#4580000
0G
#4585000
0!
0P
1N
0:
b1000 0"
b101110001001111010000100011010100101000000110110000111000000001 -"
b1100011000000000 &"
b1100011000000000 %"
b1100011000000000 e
b1100011000000000 f
b1100011000000000 k
b0 m
b0 /"
b1100011000000000 '"
b110 )"
b0 #"
1G
#4590000
0G
#4595000
b101110001001111010000100011010100101000000110110000111000000001 &
b101110001001111010000100011010100101000000110110000111000000001 U
b110 '
b110 V
1*
1Y
1G
#4600000
0G
#4605000
0*
0Y
b1000 0"
b110001101010110010010010011110000101111001000100001010100001000 -"
b1100011000001000 &"
b1100011000001000 %"
b1100011000001000 e
b1 m
b1 /"
b1 #"
1G
#4610000
0G
#4615000
b110001101010110010010010011110000101111001000100001010100001000 &
b110001101010110010010010011110000101111001000100001010100001000 U
1*
1Y
1G
#4620000
0G
#4625000
0*
0Y
b1000 0"
b110101001011101010100000100001100110110001010010001110000001111 -"
b1100011000010000 &"
b1100011000010000 %"
b1100011000010000 e
b10 m
b10 /"
b10 #"
1G
#4630000
0G
#4635000
b110101001011101010100000100001100110110001010010001110000001111 &
b110101001011101010100000100001100110110001010010001110000001111 U
1*
1Y
1G
#4640000
0G
#4645000
0*
0Y
b1000 0"
b111000101100100010101110100101000111101001100000010001100010110 -"
b1100011000011000 &"
b1100011000011000 %"
b1100011000011000 e
b11 m
b11 /"
b11 #"
1G
#4650000
0G
#4655000
1(
1W
b111000101100100010101110100101000111101001100000010001100010110 &
b111000101100100010101110100101000111101001100000010001100010110 U
1*
1Y
1G
#4660000
0G
#4665000
b1100011100000000 0
b111 3
1:
1!
1P
0(
0W
0*
0Y
0N
b1100011100000000 H
b111 J
b111 a
b11001 d
b11001 c
b1110001 r
b1110001 u
b1000 x
b1100011000011000 t
b1100011000011000 s
b1100011000011000 e
b11 m
b100 w
b100 /"
b100 #"
1G
#4670000
0G
#4675000
0!
0P
1N
0:
b1000 0"
b101110001001111010000100011010100101000000110110000111000000001 -"
b1100011100000000 &"
b1100011100000000 %"
b1100011100000000 e
b1100011100000000 f
b1100011100000000 k
b0 m
b0 /"
b1100011100000000 '"
b111 )"
b0 #"
1G
#4680000
0G
#4685000
b101110001001111010000100011010100101000000110110000111000000001 &
b101110001001111010000100011010100101000000110110000111000000001 U
b111 '
b111 V
1*
1Y
1G
#4690000
0G
#4695000
0*
0Y
b1000 0"
b110001101010110010010010011110000101111001000100001010100001000 -"
b1100011100001000 &"
b1100011100001000 %"
b1100011100001000 e
b1 m
b1 /"
b1 #"
1G
#4700000
0G
#4705000
b110001101010110010010010011110000101111001000100001010100001000 &
b110001101010110010010010011110000101111001000100001010100001000 U
1*
1Y
1G
#4710000
0G
#4715000
0*
0Y
b1000 0"
b110101001011101010100000100001100110110001010010001110000001111 -"
b1100011100010000 &"
b1100011100010000 %"
b1100011100010000 e
b10 m
b10 /"
b10 #"
1G
#4720000
0G
#4725000
b110101001011101010100000100001100110110001010010001110000001111 &
b110101001011101010100000100001100110110001010010001110000001111 U
1*
1Y
1G
#4730000
0G
#4735000
0*
0Y
b1000 0"
b111000101100100010101110100101000111101001100000010001100010110 -"
b1100011100011000 &"
b1100011100011000 %"
b1100011100011000 e
b11 m
b11 /"
b11 #"
1G
#4740000
0G
#4745000
1(
1W
b111000101100100010101110100101000111101001100000010001100010110 &
b111000101100100010101110100101000111101001100000010001100010110 U
1*
1Y
1G
#4750000
0G
#4755000
b0 ?
b1101000000000000 ;
b0 >
1E
1!
1P
0(
0W
0*
0Y
0N
b1101000000000000 |
b1101000000000000 f
b1101000000000000 k
b0 h
b1000 ~
b1 }
b1101000000000000 H
b0 K
b0 J
b0 a
b11010 d
b11010 c
b1110001 r
b1110001 u
b1000 x
b1100011100011000 t
b1100011100011000 s
b1101000000000000 e
b0 m
b100 w
b100 /"
b100 #"
1G
#4760000
0G
#4765000
1+
1Z
0"
0Q
1]
b101110001001111010000100011010100101000000110110000111000000001 \
1_
0E
b0 <"
b0 7"
b1101000000000000 4"
b0 6"
b0 $"
1G
#4770000
0G
#4775000
1F
0]
0_
0+
0Z
b1 $"
b1 <"
b10000 ="
b1101000000000000 2"
b1101000000000000 1"
b101110001001111010000100011010100101000000110110000111000000001 :"
1G
#4780000
0G
#4785000
b0 #
b0 R
1%
1T
1G
#4790000
0G
#4795000
b0 4
b1101000000000000 0
b0 3
1:
0F
1"
1Q
0%
0T
b1000 B"
b1101000000000000 @"
b1101000000000000 ?"
b1 A"
1G
#4800000
0G
#4805000
0!
0P
1N
0:
b1000 0"
b101110001001111010000100011010100101000000110110000111000000001 -"
b1101000000000000 &"
b1101000000000000 %"
b0 /"
b0 *"
b1101000000000000 '"
b0 )"
b0 #"
1G
#4810000
0G
#4815000
1(
1W
b101110001001111010000100011010100101000000110110000111000000001 &
b101110001001111010000100011010100101000000110110000111000000001 U
b0 '
b0 V
1*
1Y
1G
#4820000
0G
#4825000
b1101000100000000 ;
1E
1!
1P
0(
0W
0*
0Y
0N
b1101000100000000 |
b1101000100000000 e
b1101000100000000 f
b1101000100000000 k
b1000 ~
b1 }
b1101000100000000 H
b1 a
b11011 d
b11011 c
b1011100 r
b1011100 u
b1000 x
b1101000000000000 t
b1101000000000000 s
b1 w
b11000100110000101100011011010110011001001100010011000010110001101101011 v
b1 /"
b1 #"
1G
#4830000
0G
#4835000
1+
1Z
0"
0Q
1]
1_
0E
b0 <"
b1101000100000000 4"
b0 $"
1G
#4840000
0G
#4845000
1F
0]
0_
0+
0Z
b1 $"
b1 <"
b10000 ="
b1101000100000000 2"
b1101000100000000 1"
1G
#4850000
0G
#4855000
1%
1T
1G
#4860000
0G
#4865000
b1101000100000000 0
1:
0F
1"
1Q
0%
0T
b1000 B"
b1101000100000000 @"
b1101000100000000 ?"
b1 A"
1G
#4870000
0G
#4875000
0!
0P
1N
0:
b1000 0"
b101110001001111010000100011010100101000000110110000111000000001 -"
b1101000100000000 &"
b1101000100000000 %"
b0 /"
b1101000100000000 '"
b0 #"
1G
#4880000
0G
#4885000
1(
1W
1*
1Y
1G
#4890000
0G
#4895000
b1101001000000000 ;
1E
1!
1P
0(
0W
0*
0Y
0N
b1101001000000000 |
b1101001000000000 e
b1101001000000000 f
b1101001000000000 k
b1000 ~
b1 }
b1101001000000000 H
b10 a
b11100 d
b11100 c
b1011100 r
b1011100 u
b1000 x
b1101000100000000 t
b1101000100000000 s
b1 w
b1 /"
b1 #"
1G
#4900000
0G
#4905000
1+
1Z
0"
0Q
1]
1_
0E
b0 <"
b1101001000000000 4"
b0 $"
1G
#4910000
0G
#4915000
1F
0]
0_
0+
0Z
b1 $"
b1 <"
b10000 ="
b1101001000000000 2"
b1101001000000000 1"
1G
#4920000
0G
#4925000
1%
1T
1G
#4930000
0G
#4935000
b1101001000000000 0
1:
0F
1"
1Q
0%
0T
b1000 B"
b1101001000000000 @"
b1101001000000000 ?"
b1 A"
1G
#4940000
0G
#4945000
0!
0P
1N
0:
b1000 0"
b101110001001111010000100011010100101000000110110000111000000001 -"
b1101001000000000 &"
b1101001000000000 %"
b0 /"
b1101001000000000 '"
b0 #"
1G
#4950000
0G
#4955000
1(
1W
1*
1Y
1G
#4960000
0G
#4965000
b1101001100000000 ;
1E
1!
1P
0(
0W
0*
0Y
0N
b1101001100000000 |
b1101001100000000 e
b1101001100000000 f
b1101001100000000 k
b1000 ~
b1 }
b1101001100000000 H
b11 a
b11101 d
b11101 c
b1011100 r
b1011100 u
b1000 x
b1101001000000000 t
b1101001000000000 s
b1 w
b1 /"
b1 #"
1G
#4970000
0G
#4975000
1+
1Z
0"
0Q
1]
1_
0E
b0 <"
b1101001100000000 4"
b0 $"
1G
#4980000
0G
#4985000
1F
0]
0_
0+
0Z
b1 $"
b1 <"
b10000 ="
b1101001100000000 2"
b1101001100000000 1"
1G
#4990000
0G
#4995000
1%
1T
1G
#5000000
0G
#5005000
b1101001100000000 0
1:
0F
1"
1Q
0%
0T
b1000 B"
b1101001100000000 @"
b1101001100000000 ?"
b1 A"
1G
#5010000
0G
#5015000
0!
0P
1N
0:
b1000 0"
b101110001001111010000100011010100101000000110110000111000000001 -"
b1101001100000000 &"
b1101001100000000 %"
b0 /"
b1101001100000000 '"
b0 #"
1G
#5020000
0G
#5025000
1(
1W
1*
1Y
1G
#5030000
0G
#5035000
b1101010000000000 ;
1E
1!
1P
0(
0W
0*
0Y
0N
b1101010000000000 |
b1101010000000000 e
b1101010000000000 f
b1101010000000000 k
b1000 ~
b1 }
b1101010000000000 H
b100 a
b11110 d
b11110 c
b1011100 r
b1011100 u
b1000 x
b1101001100000000 t
b1101001100000000 s
b1 w
b1 /"
b1 #"
1G
#5040000
0G
#5045000
1+
1Z
0"
0Q
1]
1_
0E
b0 <"
b1101010000000000 4"
b0 $"
1G
#5050000
0G
#5055000
1F
0]
0_
0+
0Z
b1 $"
b1 <"
b10000 ="
b1101010000000000 2"
b1101010000000000 1"
1G
#5060000
0G
#5065000
1%
1T
1G
#5070000
0G
#5075000
b1101010000000000 0
1:
0F
1"
1Q
0%
0T
b1000 B"
b1101010000000000 @"
b1101010000000000 ?"
b1 A"
1G
#5080000
0G
#5085000
0!
0P
1N
0:
b1000 0"
b101110001001111010000100011010100101000000110110000111000000001 -"
b1101010000000000 &"
b1101010000000000 %"
b0 /"
b1101010000000000 '"
b0 #"
1G
#5090000
0G
#5095000
1(
1W
1*
1Y
1G
#5100000
0G
#5105000
b1101010100000000 ;
1E
1!
1P
0(
0W
0*
0Y
0N
b1101010100000000 |
b1101010100000000 e
b1101010100000000 f
b1101010100000000 k
b1000 ~
b1 }
b1101010100000000 H
b101 a
b11111 d
b11111 c
b1011100 r
b1011100 u
b1000 x
b1101010000000000 t
b1101010000000000 s
b1 w
b1 /"
b1 #"
1G
#5110000
0G
#5115000
1+
1Z
0"
0Q
1]
1_
0E
b0 <"
b1101010100000000 4"
b0 $"
1G
#5120000
0G
#5125000
1F
0]
0_
0+
0Z
b1 $"
b1 <"
b10000 ="
b1101010100000000 2"
b1101010100000000 1"
1G
#5130000
0G
#5135000
1%
1T
1G
#5140000
0G
#5145000
b1101010100000000 0
1:
0F
1"
1Q
0%
0T
b1000 B"
b1101010100000000 @"
b1101010100000000 ?"
b1 A"
1G
#5150000
0G
#5155000
0!
0P
1N
0:
b1000 0"
b101110001001111010000100011010100101000000110110000111000000001 -"
b1101010100000000 &"
b1101010100000000 %"
b0 /"
b1101010100000000 '"
b0 #"
1G
#5160000
0G
#5165000
1(
1W
1*
1Y
1G
#5170000
0G
#5175000
b1101011000000000 ;
1E
1!
1P
0(
0W
0*
0Y
0N
b1101011000000000 |
b1101011000000000 e
b1101011000000000 f
b1101011000000000 k
b1000 ~
b1 }
b1101011000000000 H
b110 a
b100000 d
b100000 c
b1011100 r
b1011100 u
b1000 x
b1101010100000000 t
b1101010100000000 s
b1 w
b1 /"
b1 #"
1G
#5180000
0G
#5185000
1+
1Z
0"
0Q
1]
1_
0E
b0 <"
b1101011000000000 4"
b0 $"
1G
#5190000
0G
#5195000
1F
0]
0_
0+
0Z
b1 $"
b1 <"
b10000 ="
b1101011000000000 2"
b1101011000000000 1"
1G
#5200000
0G
#5205000
1%
1T
1G
#5210000
0G
#5215000
b1101011000000000 0
1:
0F
1"
1Q
0%
0T
b1000 B"
b1101011000000000 @"
b1101011000000000 ?"
b1 A"
1G
#5220000
0G
#5225000
0!
0P
1N
0:
b1000 0"
b101110001001111010000100011010100101000000110110000111000000001 -"
b1101011000000000 &"
b1101011000000000 %"
b0 /"
b1101011000000000 '"
b0 #"
1G
#5230000
0G
#5235000
1(
1W
1*
1Y
1G
#5240000
0G
#5245000
b1101011100000000 ;
1E
1!
1P
0(
0W
0*
0Y
0N
b1101011100000000 |
b1101011100000000 e
b1101011100000000 f
b1101011100000000 k
b1000 ~
b1 }
b1101011100000000 H
b111 a
b100001 d
b100001 c
b1011100 r
b1011100 u
b1000 x
b1101011000000000 t
b1101011000000000 s
b1 w
b1 /"
b1 #"
1G
#5250000
0G
#5255000
1+
1Z
0"
0Q
1]
1_
0E
b0 <"
b1101011100000000 4"
b0 $"
1G
#5260000
0G
#5265000
1F
0]
0_
0+
0Z
b1 $"
b1 <"
b10000 ="
b1101011100000000 2"
b1101011100000000 1"
1G
#5270000
0G
#5275000
1%
1T
1G
#5280000
0G
#5285000
b1101011100000000 0
1:
0F
1"
1Q
0%
0T
b1000 B"
b1101011100000000 @"
b1101011100000000 ?"
b1 A"
1G
#5290000
0G
#5295000
0!
0P
1N
0:
b1000 0"
b101110001001111010000100011010100101000000110110000111000000001 -"
b1101011100000000 &"
b1101011100000000 %"
b0 /"
b1101011100000000 '"
b0 #"
1G
#5300000
0G
#5305000
1(
1W
1*
1Y
1G
#5310000
0G
#5315000
b1101100000000000 ;
1E
1!
1P
0(
0W
0*
0Y
0N
b1101100000000000 |
b1101100000000000 e
b1101100000000000 f
b1101100000000000 k
b1000 ~
b1 }
b1101100000000000 H
b1000 a
b100010 d
b100010 c
b1011100 r
b1011100 u
b1000 x
b1101011100000000 t
b1101011100000000 s
b1 w
b1 /"
b1 #"
1G
#5320000
0G
#5325000
1+
1Z
0"
0Q
1]
1_
0E
b0 <"
b1101100000000000 4"
b0 $"
1G
#5330000
0G
#5335000
1F
0]
0_
0+
0Z
b1 $"
b1 <"
b10000 ="
b1101100000000000 2"
b1101100000000000 1"
1G
#5340000
0G
#5345000
1%
1T
1G
#5350000
0G
#5355000
b1101100000000000 0
1:
0F
1"
1Q
0%
0T
b1000 B"
b1101100000000000 @"
b1101100000000000 ?"
b1 A"
1G
#5360000
0G
#5365000
0!
0P
1N
0:
b1000 0"
b101110001001111010000100011010100101000000110110000111000000001 -"
b1101100000000000 &"
b1101100000000000 %"
b0 /"
b1101100000000000 '"
b0 #"
1G
#5370000
0G
#5375000
1(
1W
1*
1Y
1G
#5380000
0G
#5385000
b1101100100000000 ;
1E
1!
1P
0(
0W
0*
0Y
0N
b1101100100000000 |
b1101100100000000 e
b1101100100000000 f
b1101100100000000 k
b1000 ~
b1 }
b1101100100000000 H
b1001 a
b100011 d
b100011 c
b1011100 r
b1011100 u
b1000 x
b1101100000000000 t
b1101100000000000 s
b1 w
b1 /"
b1 #"
1G
#5390000
0G
#5395000
1+
1Z
0"
0Q
1]
1_
0E
b0 <"
b1101100100000000 4"
b0 $"
1G
#5400000
0G
#5405000
1F
0]
0_
0+
0Z
b1 $"
b1 <"
b10000 ="
b1101100100000000 2"
b1101100100000000 1"
1G
#5410000
0G
#5415000
1%
1T
1G
#5420000
0G
#5425000
b1101100100000000 0
1:
0F
1"
1Q
0%
0T
b1000 B"
b1101100100000000 @"
b1101100100000000 ?"
b1 A"
1G
#5430000
0G
#5435000
0!
0P
1N
0:
b1000 0"
b101110001001111010000100011010100101000000110110000111000000001 -"
b1101100100000000 &"
b1101100100000000 %"
b0 /"
b1101100100000000 '"
b0 #"
1G
#5440000
0G
#5445000
1(
1W
1*
1Y
1G
#5450000
0G
#5455000
b0 D
b11111111 ?
b1110000000000000 ;
1E
1!
1P
0(
0W
0*
0Y
0N
b111 !"
b11111111 m
b1110000011111111 |
b1110000011111111 e
b1110000000000000 f
b1 n
b1110000000000000 k
b11111111 h
b0 j
b1 ~
b100000000 }
b1 ""
b0 M
b11111111 K
b1110000000000000 H
b1010 a
b100100 d
b100100 c
b1011100 r
b1011100 u
b1000 x
b1101100100000000 t
b1101100100000000 s
b1 w
b1 /"
b1 #"
1G
#5460000
0G
#5465000
1+
1Z
0"
0Q
b1 ^
1_
0E
b0 <"
b1 >"
b0 9"
b11111111 7"
b1110000000000000 4"
b0 $"
1G
#5470000
0G
#5475000
b10 ^
b110001101010110010010010011110000101111001000100001010100001000 \
1+
1Z
b1 $"
b1 <"
b1000 ="
b1110000000000000 2"
b1110000000000000 1"
b1110000000000000 e
b0 m
b1 ;"
1G
#5480000
0G
#5485000
1+
1Z
b100 ^
b110101001011101010100000100001100110110001010010001110000001111 \
b10 <"
b1000 ="
b1110000000000001 1"
b1110000000000001 e
b1 m
b10 ;"
b110001101010110010010010011110000101111001000100001010100001000 :"
b10 $"
1G
#5490000
0G
#5495000
b1000 ^
b111000101100100010101110100101000111101001100000010001100010110 \
1+
1Z
b11 $"
b11 <"
b1000 ="
b1110000000000010 1"
b1110000000000010 e
b10 m
b100 ;"
b110101001011101010100000100001100110110001010010001110000001111 :"
1G
#5500000
0G
#5505000
1+
1Z
b10000 ^
b111100001101011010111100101000101000100001101110010101000011101 \
b100 <"
b1000 ="
b1110000000000011 1"
b1110000000000011 e
b11 m
b1000 ;"
b111000101100100010101110100101000111101001100000010001100010110 :"
b100 $"
1G
#5510000
0G
#5515000
b100000 ^
b111111101110010011001010101100001001011001111100011000100100100 \
1+
1Z
b101 $"
b101 <"
b1000 ="
b1110000000000100 1"
b1110000000000100 e
b100 m
b10000 ;"
b111100001101011010111100101000101000100001101110010101000011101 :"
1G
#5520000
0G
#5525000
1+
1Z
b1000000 ^
b1000011001111001011011000101111101010010010001010011100000101011 \
b110 <"
b1000 ="
b1110000000000101 1"
b1110000000000101 e
b101 m
b100000 ;"
b111111101110010011001010101100001001011001111100011000100100100 :"
b110 $"
1G
#5530000
0G
#5535000
b10000000 ^
b1000110110000000011100110110011001011001010011000011111100110010 \
1+
1Z
b111 $"
b111 <"
b1000 ="
b1110000000000110 1"
b1110000000000110 e
b110 m
b1000000 ;"
b1000011001111001011011000101111101010010010001010011100000101011 :"
1G
#5540000
0G
#5545000
1+
1Z
b1 ^
b1001010010000111011110100110110101100000010100110100011000111001 \
b1000 <"
b1000 ="
b1110000000000111 1"
b1110000000000111 e
b111 m
b10000000 ;"
b1000110110000000011100110110011001011001010011000011111100110010 :"
b1000 $"
1G
#5550000
0G
#5555000
b10 ^
b1001101110001110100000010111010001100111010110100100110101000000 \
1+
1Z
b1001 $"
b1001 <"
b1000 ="
b1110000000001000 2"
b1110000000001000 1"
b1110000000001000 e
b1000 m
b1 ;"
b1001010010000111011110100110110101100000010100110100011000111001 :"
1G
#5560000
0G
#5565000
1+
1Z
b100 ^
b1010001010010101100010000111101101101110011000010101010001000111 \
b1010 <"
b1000 ="
b1110000000001001 1"
b1110000000001001 e
b1001 m
b10 ;"
b1001101110001110100000010111010001100111010110100100110101000000 :"
b1010 $"
1G
#5570000
0G
#5575000
b1000 ^
b1010100110011100100011111000001001110101011010000101101101001110 \
1+
1Z
b1011 $"
b1011 <"
b1000 ="
b1110000000001010 1"
b1110000000001010 e
b1010 m
b100 ;"
b1010001010010101100010000111101101101110011000010101010001000111 :"
1G
#5580000
0G
#5585000
1+
1Z
b10000 ^
b1011000010100011100101101000100101111100011011110110001001010101 \
b1100 <"
b1000 ="
b1110000000001011 1"
b1110000000001011 e
b1011 m
b1000 ;"
b1010100110011100100011111000001001110101011010000101101101001110 :"
b1100 $"
1G
#5590000
0G
#5595000
b100000 ^
b1011011110101010100111011001000010000011011101100110100101011100 \
1+
1Z
b1101 $"
b1101 <"
b1000 ="
b1110000000001100 1"
b1110000000001100 e
b1100 m
b10000 ;"
b1011000010100011100101101000100101111100011011110110001001010101 :"
1G
#5600000
0G
#5605000
1+
1Z
b1000000 ^
b1011111010110001101001001001011110001010011111010111000001100011 \
b1110 <"
b1000 ="
b1110000000001101 1"
b1110000000001101 e
b1101 m
b100000 ;"
b1011011110101010100111011001000010000011011101100110100101011100 :"
b1110 $"
1G
#5610000
0G
#5615000
b10000000 ^
b1100010110111000101010111001111010010001100001000111011101101010 \
1+
1Z
b1111 $"
b1111 <"
b1000 ="
b1110000000001110 1"
b1110000000001110 e
b1110 m
b1000000 ;"
b1011111010110001101001001001011110001010011111010111000001100011 :"
1G
#5620000
0G
#5625000
1+
1Z
b1 ^
b1100110010111111101100101010010110011000100010110111111001110001 \
b10000 <"
b1000 ="
b1110000000001111 1"
b1110000000001111 e
b1111 m
b10000000 ;"
b1100010110111000101010111001111010010001100001000111011101101010 :"
b10000 $"
1G
#5630000
0G
#5635000
b10 ^
b1101001111000110101110011010110010011111100100101000010101111000 \
1+
1Z
b10001 $"
b10001 <"
b1000 ="
b1110000000010000 2"
b1110000000010000 1"
b1110000000010000 e
b10000 m
b1 ;"
b1100110010111111101100101010010110011000100010110111111001110001 :"
1G
#5640000
0G
#5645000
1+
1Z
b100 ^
b1101101011001101110000001011001110100110100110011000110001111111 \
b10010 <"
b1000 ="
b1110000000010001 1"
b1110000000010001 e
b10001 m
b10 ;"
b1101001111000110101110011010110010011111100100101000010101111000 :"
b10010 $"
1G
#5650000
0G
#5655000
b1000 ^
b1110000111010100110001111011101010101101101000001001001110000110 \
1+
1Z
b10011 $"
b10011 <"
b1000 ="
b1110000000010010 1"
b1110000000010010 e
b10010 m
b100 ;"
b1101101011001101110000001011001110100110100110011000110001111111 :"
1G
#5660000
0G
#5665000
1+
1Z
b10000 ^
b1110100011011011110011101100000110110100101001111001101010001101 \
b10100 <"
b1000 ="
b1110000000010011 1"
b1110000000010011 e
b10011 m
b1000 ;"
b1110000111010100110001111011101010101101101000001001001110000110 :"
b10100 $"
1G
#5670000
0G
#5675000
b100000 ^
b1110111111100010110101011100100010111011101011101010000110010100 \
1+
1Z
b10101 $"
b10101 <"
b1000 ="
b1110000000010100 1"
b1110000000010100 e
b10100 m
b10000 ;"
b1110100011011011110011101100000110110100101001111001101010001101 :"
1G
#5680000
0G
#5685000
1+
1Z
b1000000 ^
b1111011011101001110111001100111111000010101101011010100010011011 \
b10110 <"
b1000 ="
b1110000000010101 1"
b1110000000010101 e
b10101 m
b100000 ;"
b1110111111100010110101011100100010111011101011101010000110010100 :"
b10110 $"
1G
#5690000
0G
#5695000
b10000000 ^
b1111110111110000111000111101011011001001101111001010111110100010 \
1+
1Z
b10111 $"
b10111 <"
b1000 ="
b1110000000010110 1"
b1110000000010110 e
b10110 m
b1000000 ;"
b1111011011101001110111001100111111000010101101011010100010011011 :"
1G
#5700000
0G
#5705000
1+
1Z
b1 ^
b10011110111111010101101110111010000110000111011011010101001 \
b11000 <"
b1000 ="
b1110000000010111 1"
b1110000000010111 e
b10111 m
b10000000 ;"
b1111110111110000111000111101011011001001101111001010111110100010 :"
b11000 $"
1G
#5710000
0G
#5715000
b10 ^
b101111111110111100011110010011010111110010101011110110110000 \
1+
1Z
b11001 $"
b11001 <"
b1000 ="
b1110000000011000 2"
b1110000000011000 1"
b1110000000011000 e
b11000 m
b1 ;"
b10011110111111010101101110111010000110000111011011010101001 :"
1G
#5720000
0G
#5725000
1+
1Z
b100 ^
b1001000000101111110001110101111011110110100011100010010110111 \
b11010 <"
b1000 ="
b1110000000011001 1"
b1110000000011001 e
b11001 m
b10 ;"
b101111111110111100011110010011010111110010101011110110110000 :"
b11010 $"
1G
#5730000
0G
#5735000
b1000 ^
b1100100001100111111111111001011100101110110001100101110111110 \
1+
1Z
b11011 $"
b11011 <"
b1000 ="
b1110000000011010 1"
b1110000000011010 e
b11010 m
b100 ;"
b1001000000101111110001110101111011110110100011100010010110111 :"
1G
#5740000
0G
#5745000
1+
1Z
b10000 ^
b10000000010011000001101111100111101100110111111101001011000101 \
b11100 <"
b1000 ="
b1110000000011011 1"
b1110000000011011 e
b11011 m
b1000 ;"
b1100100001100111111111111001011100101110110001100101110111110 :"
b11100 $"
1G
#5750000
0G
#5755000
b100000 ^
b10011100011010000011010000000011110011111001101101100111001100 \
1+
1Z
b11101 $"
b11101 <"
b1000 ="
b1110000000011100 1"
b1110000000011100 e
b11100 m
b10000 ;"
b10000000010011000001101111100111101100110111111101001011000101 :"
1G
#5760000
0G
#5765000
1+
1Z
b1000000 ^
b10111000100001000101000000011111111010111011011110000011010011 \
b11110 <"
b1000 ="
b1110000000011101 1"
b1110000000011101 e
b11101 m
b100000 ;"
b10011100011010000011010000000011110011111001101101100111001100 :"
b11110 $"
1G
#5770000
0G
#5775000
b10000000 ^
b11010100101000000110110000111000000001111101001110011111011010 \
1+
1Z
b11111 $"
b11111 <"
b1000 ="
b1110000000011110 1"
b1110000000011110 e
b11110 m
b1000000 ;"
b10111000100001000101000000011111111010111011011110000011010011 :"
1G
#5780000
0G
#5785000
1+
1Z
b1 ^
b11110000101111001000100001010100001000111110111110111011100001 \
b100000 <"
b1000 ="
b1110000000011111 1"
b1110000000011111 e
b11111 m
b10000000 ;"
b11010100101000000110110000111000000001111101001110011111011010 :"
b100000 $"
1G
#5790000
0G
#5795000
b10 ^
b100001100110110001010010001110000001111000000101111010111101000 \
1+
1Z
b100001 $"
b100001 <"
b1000 ="
b1110000000100000 2"
b1110000000100000 1"
b1110000000100000 e
b100000 m
b1 ;"
b11110000101111001000100001010100001000111110111110111011100001 :"
1G
#5800000
0G
#5805000
1+
1Z
b100 ^
b100101000111101001100000010001100010110000010011111110011101111 \
b100010 <"
b1000 ="
b1110000000100001 1"
b1110000000100001 e
b100001 m
b10 ;"
b100001100110110001010010001110000001111000000101111010111101000 :"
b100010 $"
1G
#5810000
0G
#5815000
b1000 ^
b101000101000100001101110010101000011101000100000000001111110110 \
1+
1Z
b100011 $"
b100011 <"
b1000 ="
b1110000000100010 1"
b1110000000100010 e
b100010 m
b100 ;"
b100101000111101001100000010001100010110000010011111110011101111 :"
1G
#5820000
0G
#5825000
1+
1Z
b10000 ^
b101100001001011001111100011000100100100000101110000101011111101 \
b100100 <"
b1000 ="
b1110000000100011 1"
b1110000000100011 e
b100011 m
b1000 ;"
b101000101000100001101110010101000011101000100000000001111110110 :"
b100100 $"
1G
#5830000
0G
#5835000
b100000 ^
b101111101010010010001010011100000101011000111100001000100000100 \
1+
1Z
b100101 $"
b100101 <"
b1000 ="
b1110000000100100 1"
b1110000000100100 e
b100100 m
b10000 ;"
b101100001001011001111100011000100100100000101110000101011111101 :"
1G
#5840000
0G
#5845000
1+
1Z
b1000000 ^
b110011001011001010011000011111100110010001001010001100000001011 \
b100110 <"
b1000 ="
b1110000000100101 1"
b1110000000100101 e
b100101 m
b100000 ;"
b101111101010010010001010011100000101011000111100001000100000100 :"
b100110 $"
1G
#5850000
0G
#5855000
b10000000 ^
b110110101100000010100110100011000111001001011000001111100010010 \
1+
1Z
b100111 $"
b100111 <"
b1000 ="
b1110000000100110 1"
b1110000000100110 e
b100110 m
b1000000 ;"
b110011001011001010011000011111100110010001001010001100000001011 :"
1G
#5860000
0G
#5865000
1+
1Z
b1 ^
b111010001100111010110100100110101000000001100110010011000011001 \
b101000 <"
b1000 ="
b1110000000100111 1"
b1110000000100111 e
b100111 m
b10000000 ;"
b110110101100000010100110100011000111001001011000001111100010010 :"
b101000 $"
1G
#5870000
0G
#5875000
b10 ^
b111101101101110011000010101010001000111001110100010110100100000 \
1+
1Z
b101001 $"
b101001 <"
b1000 ="
b1110000000101000 2"
b1110000000101000 1"
b1110000000101000 e
b101000 m
b1 ;"
b111010001100111010110100100110101000000001100110010011000011001 :"
1G
#5880000
0G
#5885000
1+
1Z
b100 ^
b1000001001110101011010000101101101001110010000010011010000100111 \
b101010 <"
b1000 ="
b1110000000101001 1"
b1110000000101001 e
b101001 m
b10 ;"
b111101101101110011000010101010001000111001110100010110100100000 :"
b101010 $"
1G
#5890000
0G
#5895000
b1000 ^
b1000100101111100011011110110001001010101010010000011101100101110 \
1+
1Z
b101011 $"
b101011 <"
b1000 ="
b1110000000101010 1"
b1110000000101010 e
b101010 m
b100 ;"
b1000001001110101011010000101101101001110010000010011010000100111 :"
1G
#5900000
0G
#5905000
1+
1Z
b10000 ^
b1001000010000011011101100110100101011100010011110100001000110101 \
b101100 <"
b1000 ="
b1110000000101011 1"
b1110000000101011 e
b101011 m
b1000 ;"
b1000100101111100011011110110001001010101010010000011101100101110 :"
b101100 $"
1G
#5910000
0G
#5915000
b100000 ^
b1001011110001010011111010111000001100011010101100100100100111100 \
1+
1Z
b101101 $"
b101101 <"
b1000 ="
b1110000000101100 1"
b1110000000101100 e
b101100 m
b10000 ;"
b1001000010000011011101100110100101011100010011110100001000110101 :"
1G
#5920000
0G
#5925000
1+
1Z
b1000000 ^
b1001111010010001100001000111011101101010010111010101000001000011 \
b101110 <"
b1000 ="
b1110000000101101 1"
b1110000000101101 e
b101101 m
b100000 ;"
b1001011110001010011111010111000001100011010101100100100100111100 :"
b101110 $"
1G
#5930000
0G
#5935000
b10000000 ^
b1010010110011000100010110111111001110001011001000101011101001010 \
1+
1Z
b101111 $"
b101111 <"
b1000 ="
b1110000000101110 1"
b1110000000101110 e
b101110 m
b1000000 ;"
b1001111010010001100001000111011101101010010111010101000001000011 :"
1G
#5940000
0G
#5945000
1+
1Z
b1 ^
b1010110010011111100100101000010101111000011010110101111001010001 \
b110000 <"
b1000 ="
b1110000000101111 1"
b1110000000101111 e
b101111 m
b10000000 ;"
b1010010110011000100010110111111001110001011001000101011101001010 :"
b110000 $"
1G
#5950000
0G
#5955000
b10 ^
b1011001110100110100110011000110001111111011100100110010101011000 \
1+
1Z
b110001 $"
b110001 <"
b1000 ="
b1110000000110000 2"
b1110000000110000 1"
b1110000000110000 e
b110000 m
b1 ;"
b1010110010011111100100101000010101111000011010110101111001010001 :"
1G
#5960000
0G
#5965000
1+
1Z
b100 ^
b1011101010101101101000001001001110000110011110010110110001011111 \
b110010 <"
b1000 ="
b1110000000110001 1"
b1110000000110001 e
b110001 m
b10 ;"
b1011001110100110100110011000110001111111011100100110010101011000 :"
b110010 $"
1G
#5970000
0G
#5975000
b1000 ^
b1100000110110100101001111001101010001101100000000111001101100110 \
1+
1Z
b110011 $"
b110011 <"
b1000 ="
b1110000000110010 1"
b1110000000110010 e
b110010 m
b100 ;"
b1011101010101101101000001001001110000110011110010110110001011111 :"
1G
#5980000
0G
#5985000
1+
1Z
b10000 ^
b1100100010111011101011101010000110010100100001110111101001101101 \
b110100 <"
b1000 ="
b1110000000110011 1"
b1110000000110011 e
b110011 m
b1000 ;"
b1100000110110100101001111001101010001101100000000111001101100110 :"
b110100 $"
1G
#5990000
0G
#5995000
b100000 ^
b1100111111000010101101011010100010011011100011101000000101110100 \
1+
1Z
b110101 $"
b110101 <"
b1000 ="
b1110000000110100 1"
b1110000000110100 e
b110100 m
b10000 ;"
b1100100010111011101011101010000110010100100001110111101001101101 :"
1G
#6000000
0G
#6005000
1+
1Z
b1000000 ^
b1101011011001001101111001010111110100010100101011000100001111011 \
b110110 <"
b1000 ="
b1110000000110101 1"
b1110000000110101 e
b110101 m
b100000 ;"
b1100111111000010101101011010100010011011100011101000000101110100 :"
b110110 $"
1G
#6010000
0G
#6015000
b10000000 ^
b1101110111010000110000111011011010101001100111001000111110000010 \
1+
1Z
b110111 $"
b110111 <"
b1000 ="
b1110000000110110 1"
b1110000000110110 e
b110110 m
b1000000 ;"
b1101011011001001101111001010111110100010100101011000100001111011 :"
1G
#6020000
0G
#6025000
1+
1Z
b1 ^
b1110010011010111110010101011110110110000101000111001011010001001 \
b111000 <"
b1000 ="
b1110000000110111 1"
b1110000000110111 e
b110111 m
b10000000 ;"
b1101110111010000110000111011011010101001100111001000111110000010 :"
b111000 $"
1G
#6030000
0G
#6035000
b10 ^
b1110101111011110110100011100010010110111101010101001110110010000 \
1+
1Z
b111001 $"
b111001 <"
b1000 ="
b1110000000111000 2"
b1110000000111000 1"
b1110000000111000 e
b111000 m
b1 ;"
b1110010011010111110010101011110110110000101000111001011010001001 :"
1G
#6040000
0G
#6045000
1+
1Z
b100 ^
b1111001011100101110110001100101110111110101100011010010010010111 \
b111010 <"
b1000 ="
b1110000000111001 1"
b1110000000111001 e
b111001 m
b10 ;"
b1110101111011110110100011100010010110111101010101001110110010000 :"
b111010 $"
1G
#6050000
0G
#6055000
b1000 ^
b1111100111101100110111111101001011000101101110001010101110011110 \
1+
1Z
b111011 $"
b111011 <"
b1000 ="
b1110000000111010 1"
b1110000000111010 e
b111010 m
b100 ;"
b1111001011100101110110001100101110111110101100011010010010010111 :"
1G
#6060000
0G
#6065000
1+
1Z
b10000 ^
b11110011111001101101100111001100101111111011001010100101 \
b111100 <"
b1000 ="
b1110000000111011 1"
b1110000000111011 e
b111011 m
b1000 ;"
b1111100111101100110111111101001011000101101110001010101110011110 :"
b111100 $"
1G
#6070000
0G
#6075000
b100000 ^
b11111111010111011011110000011010011110001101011100110101100 \
1+
1Z
b111101 $"
b111101 <"
b1000 ="
b1110000000111100 1"
b1110000000111100 e
b111100 m
b10000 ;"
b11110011111001101101100111001100101111111011001010100101 :"
1G
#6080000
0G
#6085000
1+
1Z
b1000000 ^
b111000000001111101001110011111011010110011011100000010110011 \
b111110 <"
b1000 ="
b1110000000111101 1"
b1110000000111101 e
b111101 m
b100000 ;"
b11111111010111011011110000011010011110001101011100110101100 :"
b111110 $"
1G
#6090000
0G
#6095000
b10000000 ^
b1010100001000111110111110111011100001110101001100011110111010 \
1+
1Z
b111111 $"
b111111 <"
b1000 ="
b1110000000111110 1"
b1110000000111110 e
b111110 m
b1000000 ;"
b111000000001111101001110011111011010110011011100000010110011 :"
1G
#6100000
0G
#6105000
1+
1Z
b1 ^
b1110000001111000000101111010111101000110110111100111011000001 \
b1000000 <"
b1000 ="
b1110000000111111 1"
b1110000000111111 e
b111111 m
b10000000 ;"
b1010100001000111110111110111011100001110101001100011110111010 :"
b1000000 $"
1G
#6110000
0G
#6115000
b10 ^
b10001100010110000010011111110011101111111000101101010111001000 \
1+
1Z
b1000001 $"
b1000001 <"
b1000 ="
b1110000001000000 2"
b1110000001000000 1"
b1110000001000000 e
b1000000 m
b1 ;"
b1110000001111000000101111010111101000110110111100111011000001 :"
1G
#6120000
0G
#6125000
1+
1Z
b100 ^
b10101000011101000100000000001111110110111010011101110011001111 \
b1000010 <"
b1000 ="
b1110000001000001 1"
b1110000001000001 e
b1000001 m
b10 ;"
b10001100010110000010011111110011101111111000101101010111001000 :"
b1000010 $"
1G
#6130000
0G
#6135000
b1000 ^
b11000100100100000101110000101011111101111100001110001111010110 \
1+
1Z
b1000011 $"
b1000011 <"
b1000 ="
b1110000001000010 1"
b1110000001000010 e
b1000010 m
b100 ;"
b10101000011101000100000000001111110110111010011101110011001111 :"
1G
#6140000
0G
#6145000
1+
1Z
b10000 ^
b11100000101011000111100001000100000100111101111110101011011101 \
b1000100 <"
b1000 ="
b1110000001000011 1"
b1110000001000011 e
b1000011 m
b1000 ;"
b11000100100100000101110000101011111101111100001110001111010110 :"
b1000100 $"
1G
#6150000
0G
#6155000
b100000 ^
b11111100110010001001010001100000001011111111101111000111100100 \
1+
1Z
b1000101 $"
b1000101 <"
b1000 ="
b1110000001000100 1"
b1110000001000100 e
b1000100 m
b10000 ;"
b11100000101011000111100001000100000100111101111110101011011101 :"
1G
#6160000
0G
#6165000
1+
1Z
b1000000 ^
b100011000111001001011000001111100010010000001011111100011101011 \
b1000110 <"
b1000 ="
b1110000001000101 1"
b1110000001000101 e
b1000101 m
b100000 ;"
b11111100110010001001010001100000001011111111101111000111100100 :"
b1000110 $"
1G
#6170000
0G
#6175000
b10000000 ^
b100110101000000001100110010011000011001000011001111111111110010 \
1+
1Z
b1000111 $"
b1000111 <"
b1000 ="
b1110000001000110 1"
b1110000001000110 e
b1000110 m
b1000000 ;"
b100011000111001001011000001111100010010000001011111100011101011 :"
1G
#6180000
0G
#6185000
1+
1Z
b1 ^
b101010001000111001110100010110100100000000100110000011011111001 \
b1001000 <"
b1000 ="
b1110000001000111 1"
b1110000001000111 e
b1000111 m
b10000000 ;"
b100110101000000001100110010011000011001000011001111111111110010 :"
b1001000 $"
1G
#6190000
0G
#6195000
b10 ^
b101101101001110010000010011010000100111000110100000110100000000 \
1+
1Z
b1001001 $"
b1001001 <"
b1000 ="
b1110000001001000 2"
b1110000001001000 1"
b1110000001001000 e
b1001000 m
b1 ;"
b101010001000111001110100010110100100000000100110000011011111001 :"
1G
#6200000
0G
#6205000
1+
1Z
b100 ^
b110001001010101010010000011101100101110001000010001010000000111 \
b1001010 <"
b1000 ="
b1110000001001001 1"
b1110000001001001 e
b1001001 m
b10 ;"
b101101101001110010000010011010000100111000110100000110100000000 :"
b1001010 $"
1G
#6210000
0G
#6215000
b1000 ^
b110100101011100010011110100001000110101001010000001101100001110 \
1+
1Z
b1001011 $"
b1001011 <"
b1000 ="
b1110000001001010 1"
b1110000001001010 e
b1001010 m
b100 ;"
b110001001010101010010000011101100101110001000010001010000000111 :"
1G
#6220000
0G
#6225000
1+
1Z
b10000 ^
b111000001100011010101100100100100111100001011110010001000010101 \
b1001100 <"
b1000 ="
b1110000001001011 1"
b1110000001001011 e
b1001011 m
b1000 ;"
b110100101011100010011110100001000110101001010000001101100001110 :"
b1001100 $"
1G
#6230000
0G
#6235000
b100000 ^
b111011101101010010111010101000001000011001101100010100100011100 \
1+
1Z
b1001101 $"
b1001101 <"
b1000 ="
b1110000001001100 1"
b1110000001001100 e
b1001100 m
b10000 ;"
b111000001100011010101100100100100111100001011110010001000010101 :"
1G
#6240000
0G
#6245000
1+
1Z
b1000000 ^
b111111001110001011001000101011101001010001111010011000000100011 \
b1001110 <"
b1000 ="
b1110000001001101 1"
b1110000001001101 e
b1001101 m
b100000 ;"
b111011101101010010111010101000001000011001101100010100100011100 :"
b1001110 $"
1G
#6250000
0G
#6255000
b10000000 ^
b1000010101111000011010110101111001010001010001000011011100101010 \
1+
1Z
b1001111 $"
b1001111 <"
b1000 ="
b1110000001001110 1"
b1110000001001110 e
b1001110 m
b1000000 ;"
b111111001110001011001000101011101001010001111010011000000100011 :"
1G
#6260000
0G
#6265000
1+
1Z
b1 ^
b1000110001111111011100100110010101011000010010110011111000110001 \
b1010000 <"
b1000 ="
b1110000001001111 1"
b1110000001001111 e
b1001111 m
b10000000 ;"
b1000010101111000011010110101111001010001010001000011011100101010 :"
b1010000 $"
1G
#6270000
0G
#6275000
b10 ^
b1001001110000110011110010110110001011111010100100100010100111000 \
1+
1Z
b1010001 $"
b1010001 <"
b1000 ="
b1110000001010000 2"
b1110000001010000 1"
b1110000001010000 e
b1010000 m
b1 ;"
b1000110001111111011100100110010101011000010010110011111000110001 :"
1G
#6280000
0G
#6285000
1+
1Z
b100 ^
b1001101010001101100000000111001101100110010110010100110000111111 \
b1010010 <"
b1000 ="
b1110000001010001 1"
b1110000001010001 e
b1010001 m
b10 ;"
b1001001110000110011110010110110001011111010100100100010100111000 :"
b1010010 $"
1G
#6290000
0G
#6295000
b1000 ^
b1010000110010100100001110111101001101101011000000101001101000110 \
1+
1Z
b1010011 $"
b1010011 <"
b1000 ="
b1110000001010010 1"
b1110000001010010 e
b1010010 m
b100 ;"
b1001101010001101100000000111001101100110010110010100110000111111 :"
1G
#6300000
0G
#6305000
1+
1Z
b10000 ^
b1010100010011011100011101000000101110100011001110101101001001101 \
b1010100 <"
b1000 ="
b1110000001010011 1"
b1110000001010011 e
b1010011 m
b1000 ;"
b1010000110010100100001110111101001101101011000000101001101000110 :"
b1010100 $"
1G
#6310000
0G
#6315000
b100000 ^
b1010111110100010100101011000100001111011011011100110000101010100 \
1+
1Z
b1010101 $"
b1010101 <"
b1000 ="
b1110000001010100 1"
b1110000001010100 e
b1010100 m
b10000 ;"
b1010100010011011100011101000000101110100011001110101101001001101 :"
1G
#6320000
0G
#6325000
1+
1Z
b1000000 ^
b1011011010101001100111001000111110000010011101010110100001011011 \
b1010110 <"
b1000 ="
b1110000001010101 1"
b1110000001010101 e
b1010101 m
b100000 ;"
b1010111110100010100101011000100001111011011011100110000101010100 :"
b1010110 $"
1G
#6330000
0G
#6335000
b10000000 ^
b1011110110110000101000111001011010001001011111000110111101100010 \
1+
1Z
b1010111 $"
b1010111 <"
b1000 ="
b1110000001010110 1"
b1110000001010110 e
b1010110 m
b1000000 ;"
b1011011010101001100111001000111110000010011101010110100001011011 :"
1G
#6340000
0G
#6345000
1+
1Z
b1 ^
b1100010010110111101010101001110110010000100000110111011001101001 \
b1011000 <"
b1000 ="
b1110000001010111 1"
b1110000001010111 e
b1010111 m
b10000000 ;"
b1011110110110000101000111001011010001001011111000110111101100010 :"
b1011000 $"
1G
#6350000
0G
#6355000
b10 ^
b1100101110111110101100011010010010010111100010100111110101110000 \
1+
1Z
b1011001 $"
b1011001 <"
b1000 ="
b1110000001011000 2"
b1110000001011000 1"
b1110000001011000 e
b1011000 m
b1 ;"
b1100010010110111101010101001110110010000100000110111011001101001 :"
1G
#6360000
0G
#6365000
1+
1Z
b100 ^
b1101001011000101101110001010101110011110100100011000010001110111 \
b1011010 <"
b1000 ="
b1110000001011001 1"
b1110000001011001 e
b1011001 m
b10 ;"
b1100101110111110101100011010010010010111100010100111110101110000 :"
b1011010 $"
1G
#6370000
0G
#6375000
b1000 ^
b1101100111001100101111111011001010100101100110001000101101111110 \
1+
1Z
b1011011 $"
b1011011 <"
b1000 ="
b1110000001011010 1"
b1110000001011010 e
b1011010 m
b100 ;"
b1101001011000101101110001010101110011110100100011000010001110111 :"
1G
#6380000
0G
#6385000
1+
1Z
b10000 ^
b1110000011010011110001101011100110101100100111111001001010000101 \
b1011100 <"
b1000 ="
b1110000001011011 1"
b1110000001011011 e
b1011011 m
b1000 ;"
b1101100111001100101111111011001010100101100110001000101101111110 :"
b1011100 $"
1G
#6390000
0G
#6395000
b100000 ^
b1110011111011010110011011100000010110011101001101001100110001100 \
1+
1Z
b1011101 $"
b1011101 <"
b1000 ="
b1110000001011100 1"
b1110000001011100 e
b1011100 m
b10000 ;"
b1110000011010011110001101011100110101100100111111001001010000101 :"
1G
#6400000
0G
#6405000
1+
1Z
b1000000 ^
b1110111011100001110101001100011110111010101011011010000010010011 \
b1011110 <"
b1000 ="
b1110000001011101 1"
b1110000001011101 e
b1011101 m
b100000 ;"
b1110011111011010110011011100000010110011101001101001100110001100 :"
b1011110 $"
1G
#6410000
0G
#6415000
b10000000 ^
b1111010111101000110110111100111011000001101101001010011110011010 \
1+
1Z
b1011111 $"
b1011111 <"
b1000 ="
b1110000001011110 1"
b1110000001011110 e
b1011110 m
b1000000 ;"
b1110111011100001110101001100011110111010101011011010000010010011 :"
1G
#6420000
0G
#6425000
1+
1Z
b1 ^
b1111110011101111111000101101010111001000101110111010111010100001 \
b1100000 <"
b1000 ="
b1110000001011111 1"
b1110000001011111 e
b1011111 m
b10000000 ;"
b1111010111101000110110111100111011000001101101001010011110011010 :"
b1100000 $"
1G
#6430000
0G
#6435000
b10 ^
b1111110110111010011101110011001111110000101011010110101000 \
1+
1Z
b1100001 $"
b1100001 <"
b1000 ="
b1110000001100000 2"
b1110000001100000 1"
b1110000001100000 e
b1100000 m
b1 ;"
b1111110011101111111000101101010111001000101110111010111010100001 :"
1G
#6440000
0G
#6445000
1+
1Z
b100 ^
b101011111101111100001110001111010110110010011011110010101111 \
b1100010 <"
b1000 ="
b1110000001100001 1"
b1110000001100001 e
b1100001 m
b10 ;"
b1111110110111010011101110011001111110000101011010110101000 :"
b1100010 $"
1G
#6450000
0G
#6455000
b1000 ^
b1000100000100111101111110101011011101110100001100001110110110 \
1+
1Z
b1100011 $"
b1100011 <"
b1000 ="
b1110000001100010 1"
b1110000001100010 e
b1100010 m
b100 ;"
b101011111101111100001110001111010110110010011011110010101111 :"
1G
#6460000
0G
#6465000
1+
1Z
b10000 ^
b1100000001011111111101111000111100100110101111100101010111101 \
b1100100 <"
b1000 ="
b1110000001100011 1"
b1110000001100011 e
b1100011 m
b1000 ;"
b1000100000100111101111110101011011101110100001100001110110110 :"
b1100100 $"
1G
#6470000
0G
#6475000
b100000 ^
b1111100010010000001011111100011101011110111101101000111000100 \
1+
1Z
b1100101 $"
b1100101 <"
b1000 ="
b1110000001100100 1"
b1110000001100100 e
b1100100 m
b10000 ;"
b1100000001011111111101111000111100100110101111100101010111101 :"
1G
#6480000
0G
#6485000
1+
1Z
b1000000 ^
b10011000011001000011001111111111110010111001011101100011001011 \
b1100110 <"
b1000 ="
b1110000001100101 1"
b1110000001100101 e
b1100101 m
b100000 ;"
b1111100010010000001011111100011101011110111101101000111000100 :"
b1100110 $"
1G
#6490000
0G
#6495000
b10000000 ^
b10110100100000000100110000011011111001111011001101111111010010 \
1+
1Z
b1100111 $"
b1100111 <"
b1000 ="
b1110000001100110 1"
b1110000001100110 e
b1100110 m
b1000000 ;"
b10011000011001000011001111111111110010111001011101100011001011 :"
1G
#6500000
0G
#6505000
1+
1Z
b1 ^
b11010000100111000110100000110100000000111100111110011011011001 \
b1101000 <"
b1000 ="
b1110000001100111 1"
b1110000001100111 e
b1100111 m
b10000000 ;"
b10110100100000000100110000011011111001111011001101111111010010 :"
b1101000 $"
1G
#6510000
0G
#6515000
b10 ^
b11101100101110001000010001010000000111111110101110110111100000 \
1+
1Z
b1101001 $"
b1101001 <"
b1000 ="
b1110000001101000 2"
b1110000001101000 1"
b1110000001101000 e
b1101000 m
b1 ;"
b11010000100111000110100000110100000000111100111110011011011001 :"
1G
#6520000
0G
#6525000
1+
1Z
b100 ^
b100001000110101001010000001101100001110000000011111010011100111 \
b1101010 <"
b1000 ="
b1110000001101001 1"
b1110000001101001 e
b1101001 m
b10 ;"
b11101100101110001000010001010000000111111110101110110111100000 :"
b1101010 $"
1G
#6530000
0G
#6535000
b1000 ^
b100100100111100001011110010001000010101000010001111101111101110 \
1+
1Z
b1101011 $"
b1101011 <"
b1000 ="
b1110000001101010 1"
b1110000001101010 e
b1101010 m
b100 ;"
b100001000110101001010000001101100001110000000011111010011100111 :"
1G
#6540000
0G
#6545000
1+
1Z
b10000 ^
b101000001000011001101100010100100011100000011110000001011110101 \
b1101100 <"
b1000 ="
b1110000001101011 1"
b1110000001101011 e
b1101011 m
b1000 ;"
b100100100111100001011110010001000010101000010001111101111101110 :"
b1101100 $"
1G
#6550000
0G
#6555000
b100000 ^
b101011101001010001111010011000000100011000101100000100111111100 \
1+
1Z
b1101101 $"
b1101101 <"
b1000 ="
b1110000001101100 1"
b1110000001101100 e
b1101100 m
b10000 ;"
b101000001000011001101100010100100011100000011110000001011110101 :"
1G
#6560000
0G
#6565000
1+
1Z
b1000000 ^
b101111001010001010001000011011100101010000111010001000000000011 \
b1101110 <"
b1000 ="
b1110000001101101 1"
b1110000001101101 e
b1101101 m
b100000 ;"
b101011101001010001111010011000000100011000101100000100111111100 :"
b1101110 $"
1G
#6570000
0G
#6575000
b10000000 ^
b110010101011000010010110011111000110001001001000001011100001010 \
1+
1Z
b1101111 $"
b1101111 <"
b1000 ="
b1110000001101110 1"
b1110000001101110 e
b1101110 m
b1000000 ;"
b101111001010001010001000011011100101010000111010001000000000011 :"
1G
#6580000
0G
#6585000
1+
1Z
b1 ^
b110110001011111010100100100010100111000001010110001111000010001 \
b1110000 <"
b1000 ="
b1110000001101111 1"
b1110000001101111 e
b1101111 m
b10000000 ;"
b110010101011000010010110011111000110001001001000001011100001010 :"
b1110000 $"
1G
#6590000
0G
#6595000
b10 ^
b111001101100110010110010100110000111111001100100010010100011000 \
1+
1Z
b1110001 $"
b1110001 <"
b1000 ="
b1110000001110000 2"
b1110000001110000 1"
b1110000001110000 e
b1110000 m
b1 ;"
b110110001011111010100100100010100111000001010110001111000010001 :"
1G
#6600000
0G
#6605000
1+
1Z
b100 ^
b111101001101101011000000101001101000110001110010010110000011111 \
b1110010 <"
b1000 ="
b1110000001110001 1"
b1110000001110001 e
b1110001 m
b10 ;"
b111001101100110010110010100110000111111001100100010010100011000 :"
b1110010 $"
1G
#6610000
0G
#6615000
b1000 ^
b1000000101110100011001110101101001001101010000000011001100100110 \
1+
1Z
b1110011 $"
b1110011 <"
b1000 ="
b1110000001110010 1"
b1110000001110010 e
b1110010 m
b100 ;"
b111101001101101011000000101001101000110001110010010110000011111 :"
1G
#6620000
0G
#6625000
1+
1Z
b10000 ^
b1000100001111011011011100110000101010100010001110011101000101101 \
b1110100 <"
b1000 ="
b1110000001110011 1"
b1110000001110011 e
b1110011 m
b1000 ;"
b1000000101110100011001110101101001001101010000000011001100100110 :"
b1110100 $"
1G
#6630000
0G
#6635000
b100000 ^
b1000111110000010011101010110100001011011010011100100000100110100 \
1+
1Z
b1110101 $"
b1110101 <"
b1000 ="
b1110000001110100 1"
b1110000001110100 e
b1110100 m
b10000 ;"
b1000100001111011011011100110000101010100010001110011101000101101 :"
1G
#6640000
0G
#6645000
1+
1Z
b1000000 ^
b1001011010001001011111000110111101100010010101010100100000111011 \
b1110110 <"
b1000 ="
b1110000001110101 1"
b1110000001110101 e
b1110101 m
b100000 ;"
b1000111110000010011101010110100001011011010011100100000100110100 :"
b1110110 $"
1G
#6650000
0G
#6655000
b10000000 ^
b1001110110010000100000110111011001101001010111000100111101000010 \
1+
1Z
b1110111 $"
b1110111 <"
b1000 ="
b1110000001110110 1"
b1110000001110110 e
b1110110 m
b1000000 ;"
b1001011010001001011111000110111101100010010101010100100000111011 :"
1G
#6660000
0G
#6665000
1+
1Z
b1 ^
b1010010010010111100010100111110101110000011000110101011001001001 \
b1111000 <"
b1000 ="
b1110000001110111 1"
b1110000001110111 e
b1110111 m
b10000000 ;"
b1001110110010000100000110111011001101001010111000100111101000010 :"
b1111000 $"
1G
#6670000
0G
#6675000
b10 ^
b1010101110011110100100011000010001110111011010100101110101010000 \
1+
1Z
b1111001 $"
b1111001 <"
b1000 ="
b1110000001111000 2"
b1110000001111000 1"
b1110000001111000 e
b1111000 m
b1 ;"
b1010010010010111100010100111110101110000011000110101011001001001 :"
1G
#6680000
0G
#6685000
1+
1Z
b100 ^
b1011001010100101100110001000101101111110011100010110010001010111 \
b1111010 <"
b1000 ="
b1110000001111001 1"
b1110000001111001 e
b1111001 m
b10 ;"
b1010101110011110100100011000010001110111011010100101110101010000 :"
b1111010 $"
1G
#6690000
0G
#6695000
b1000 ^
b1011100110101100100111111001001010000101011110000110101101011110 \
1+
1Z
b1111011 $"
b1111011 <"
b1000 ="
b1110000001111010 1"
b1110000001111010 e
b1111010 m
b100 ;"
b1011001010100101100110001000101101111110011100010110010001010111 :"
1G
#6700000
0G
#6705000
1+
1Z
b10000 ^
b1100000010110011101001101001100110001100011111110111001001100101 \
b1111100 <"
b1000 ="
b1110000001111011 1"
b1110000001111011 e
b1111011 m
b1000 ;"
b1011100110101100100111111001001010000101011110000110101101011110 :"
b1111100 $"
1G
#6710000
0G
#6715000
b100000 ^
b1100011110111010101011011010000010010011100001100111100101101100 \
1+
1Z
b1111101 $"
b1111101 <"
b1000 ="
b1110000001111100 1"
b1110000001111100 e
b1111100 m
b10000 ;"
b1100000010110011101001101001100110001100011111110111001001100101 :"
1G
#6720000
0G
#6725000
1+
1Z
b1000000 ^
b1100111011000001101101001010011110011010100011011000000001110011 \
b1111110 <"
b1000 ="
b1110000001111101 1"
b1110000001111101 e
b1111101 m
b100000 ;"
b1100011110111010101011011010000010010011100001100111100101101100 :"
b1111110 $"
1G
#6730000
0G
#6735000
b10000000 ^
b1101010111001000101110111010111010100001100101001000011101111010 \
1+
1Z
b1111111 $"
b1111111 <"
b1000 ="
b1110000001111110 1"
b1110000001111110 e
b1111110 m
b1000000 ;"
b1100111011000001101101001010011110011010100011011000000001110011 :"
1G
#6740000
0G
#6745000
1+
1Z
b1 ^
b1101110011001111110000101011010110101000100110111000111010000001 \
b10000000 <"
b1000 ="
b1110000001111111 1"
b1110000001111111 e
b1111111 m
b10000000 ;"
b1101010111001000101110111010111010100001100101001000011101111010 :"
b10000000 $"
1G
#6750000
0G
#6755000
b10 ^
b1110001111010110110010011011110010101111101000101001010110001000 \
1+
1Z
b10000001 $"
b10000001 <"
b1000 ="
b1110000010000000 2"
b1110000010000000 1"
b1110000010000000 e
b10000000 m
b1 ;"
b1101110011001111110000101011010110101000100110111000111010000001 :"
1G
#6760000
0G
#6765000
1+
1Z
b100 ^
b1110101011011101110100001100001110110110101010011001110010001111 \
b10000010 <"
b1000 ="
b1110000010000001 1"
b1110000010000001 e
b10000001 m
b10 ;"
b1110001111010110110010011011110010101111101000101001010110001000 :"
b10000010 $"
1G
#6770000
0G
#6775000
b1000 ^
b1111000111100100110101111100101010111101101100001010001110010110 \
1+
1Z
b10000011 $"
b10000011 <"
b1000 ="
b1110000010000010 1"
b1110000010000010 e
b10000010 m
b100 ;"
b1110101011011101110100001100001110110110101010011001110010001111 :"
1G
#6780000
0G
#6785000
1+
1Z
b10000 ^
b1111100011101011110111101101000111000100101101111010101010011101 \
b10000100 <"
b1000 ="
b1110000010000011 1"
b1110000010000011 e
b10000011 m
b1000 ;"
b1111000111100100110101111100101010111101101100001010001110010110 :"
b10000100 $"
1G
#6790000
0G
#6795000
b100000 ^
b1111111111110010111001011101100011001011101111101011000110100100 \
1+
1Z
b10000101 $"
b10000101 <"
b1000 ="
b1110000010000100 1"
b1110000010000100 e
b10000100 m
b10000 ;"
b1111100011101011110111101101000111000100101101111010101010011101 :"
1G
#6800000
0G
#6805000
1+
1Z
b1000000 ^
b11011111001111011001101111111010010110001011011100010101011 \
b10000110 <"
b1000 ="
b1110000010000101 1"
b1110000010000101 e
b10000101 m
b100000 ;"
b1111111111110010111001011101100011001011101111101011000110100100 :"
b10000110 $"
1G
#6810000
0G
#6815000
b10000000 ^
b110100000000111100111110011011011001110011001011111110110010 \
1+
1Z
b10000111 $"
b10000111 <"
b1000 ="
b1110000010000110 1"
b1110000010000110 e
b10000110 m
b1000000 ;"
b11011111001111011001101111111010010110001011011100010101011 :"
1G
#6820000
0G
#6825000
1+
1Z
b1 ^
b1010000000111111110101110110111100000110100111100011010111001 \
b10001000 <"
b1000 ="
b1110000010000111 1"
b1110000010000111 e
b10000111 m
b10000000 ;"
b110100000000111100111110011011011001110011001011111110110010 :"
b10001000 $"
1G
#6830000
0G
#6835000
b10 ^
b1101100001110000000011111010011100111110110101100110111000000 \
1+
1Z
b10001001 $"
b10001001 <"
b1000 ="
b1110000010001000 2"
b1110000010001000 1"
b1110000010001000 e
b10001000 m
b1 ;"
b1010000000111111110101110110111100000110100111100011010111001 :"
1G
#6840000
0G
#6845000
1+
1Z
b100 ^
b10001000010101000010001111101111101110111000011101010011000111 \
b10001010 <"
b1000 ="
b1110000010001001 1"
b1110000010001001 e
b10001001 m
b10 ;"
b1101100001110000000011111010011100111110110101100110111000000 :"
b10001010 $"
1G
#6850000
0G
#6855000
b1000 ^
b10100100011100000011110000001011110101111010001101101111001110 \
1+
1Z
b10001011 $"
b10001011 <"
b1000 ="
b1110000010001010 1"
b1110000010001010 e
b10001010 m
b100 ;"
b10001000010101000010001111101111101110111000011101010011000111 :"
1G
#6860000
0G
#6865000
1+
1Z
b10000 ^
b11000000100011000101100000100111111100111011111110001011010101 \
b10001100 <"
b1000 ="
b1110000010001011 1"
b1110000010001011 e
b10001011 m
b1000 ;"
b10100100011100000011110000001011110101111010001101101111001110 :"
b10001100 $"
1G
#6870000
0G
#6875000
b100000 ^
b11011100101010000111010001000000000011111101101110100111011100 \
1+
1Z
b10001101 $"
b10001101 <"
b1000 ="
b1110000010001100 1"
b1110000010001100 e
b10001100 m
b10000 ;"
b11000000100011000101100000100111111100111011111110001011010101 :"
1G
#6880000
0G
#6885000
1+
1Z
b1000000 ^
b11111000110001001001000001011100001010111111011111000011100011 \
b10001110 <"
b1000 ="
b1110000010001101 1"
b1110000010001101 e
b10001101 m
b100000 ;"
b11011100101010000111010001000000000011111101101110100111011100 :"
b10001110 $"
1G
#6890000
0G
#6895000
b10000000 ^
b100010100111000001010110001111000010001000001001111011111101010 \
1+
1Z
b10001111 $"
b10001111 <"
b1000 ="
b1110000010001110 1"
b1110000010001110 e
b10001110 m
b1000000 ;"
b11111000110001001001000001011100001010111111011111000011100011 :"
1G
#6900000
0G
#6905000
1+
1Z
b1 ^
b100110000111111001100100010010100011000000010111111111011110001 \
b10010000 <"
b1000 ="
b1110000010001111 1"
b1110000010001111 e
b10001111 m
b10000000 ;"
b100010100111000001010110001111000010001000001001111011111101010 :"
b10010000 $"
1G
#6910000
0G
#6915000
b10 ^
b101001101000110001110010010110000011111000100100000010111111000 \
1+
1Z
b10010001 $"
b10010001 <"
b1000 ="
b1110000010010000 2"
b1110000010010000 1"
b1110000010010000 e
b10010000 m
b1 ;"
b100110000111111001100100010010100011000000010111111111011110001 :"
1G
#6920000
0G
#6925000
1+
1Z
b100 ^
b101101001001101010000000011001100100110000110010000110011111111 \
b10010010 <"
b1000 ="
b1110000010010001 1"
b1110000010010001 e
b10010001 m
b10 ;"
b101001101000110001110010010110000011111000100100000010111111000 :"
b10010010 $"
1G
#6930000
0G
#6935000
b1000 ^
b110000101010100010001110011101000101101001000000001001100000110 \
1+
1Z
b10010011 $"
b10010011 <"
b1000 ="
b1110000010010010 1"
b1110000010010010 e
b10010010 m
b100 ;"
b101101001001101010000000011001100100110000110010000110011111111 :"
1G
#6940000
0G
#6945000
1+
1Z
b10000 ^
b110100001011011010011100100000100110100001001110001101000001101 \
b10010100 <"
b1000 ="
b1110000010010011 1"
b1110000010010011 e
b10010011 m
b1000 ;"
b110000101010100010001110011101000101101001000000001001100000110 :"
b10010100 $"
1G
#6950000
0G
#6955000
b100000 ^
b110111101100010010101010100100000111011001011100010000100010100 \
1+
1Z
b10010101 $"
b10010101 <"
b1000 ="
b1110000010010100 1"
b1110000010010100 e
b10010100 m
b10000 ;"
b110100001011011010011100100000100110100001001110001101000001101 :"
1G
#6960000
0G
#6965000
1+
1Z
b1000000 ^
b111011001101001010111000100111101000010001101010010100000011011 \
b10010110 <"
b1000 ="
b1110000010010101 1"
b1110000010010101 e
b10010101 m
b100000 ;"
b110111101100010010101010100100000111011001011100010000100010100 :"
b10010110 $"
1G
#6970000
0G
#6975000
b10000000 ^
b111110101110000011000110101011001001001001111000010111100100010 \
1+
1Z
b10010111 $"
b10010111 <"
b1000 ="
b1110000010010110 1"
b1110000010010110 e
b10010110 m
b1000000 ;"
b111011001101001010111000100111101000010001101010010100000011011 :"
1G
#6980000
0G
#6985000
1+
1Z
b1 ^
b1000010001110111011010100101110101010000010000110011011000101001 \
b10011000 <"
b1000 ="
b1110000010010111 1"
b1110000010010111 e
b10010111 m
b10000000 ;"
b111110101110000011000110101011001001001001111000010111100100010 :"
b10011000 $"
1G
#6990000
0G
#6995000
b10 ^
b1000101101111110011100010110010001010111010010100011110100110000 \
1+
1Z
b10011001 $"
b10011001 <"
b1000 ="
b1110000010011000 2"
b1110000010011000 1"
b1110000010011000 e
b10011000 m
b1 ;"
b1000010001110111011010100101110101010000010000110011011000101001 :"
1G
#7000000
0G
#7005000
1+
1Z
b100 ^
b1001001010000101011110000110101101011110010100010100010000110111 \
b10011010 <"
b1000 ="
b1110000010011001 1"
b1110000010011001 e
b10011001 m
b10 ;"
b1000101101111110011100010110010001010111010010100011110100110000 :"
b10011010 $"
1G
#7010000
0G
#7015000
b1000 ^
b1001100110001100011111110111001001100101010110000100101100111110 \
1+
1Z
b10011011 $"
b10011011 <"
b1000 ="
b1110000010011010 1"
b1110000010011010 e
b10011010 m
b100 ;"
b1001001010000101011110000110101101011110010100010100010000110111 :"
1G
#7020000
0G
#7025000
1+
1Z
b10000 ^
b1010000010010011100001100111100101101100010111110101001001000101 \
b10011100 <"
b1000 ="
b1110000010011011 1"
b1110000010011011 e
b10011011 m
b1000 ;"
b1001100110001100011111110111001001100101010110000100101100111110 :"
b10011100 $"
1G
#7030000
0G
#7035000
b100000 ^
b1010011110011010100011011000000001110011011001100101100101001100 \
1+
1Z
b10011101 $"
b10011101 <"
b1000 ="
b1110000010011100 1"
b1110000010011100 e
b10011100 m
b10000 ;"
b1010000010010011100001100111100101101100010111110101001001000101 :"
1G
#7040000
0G
#7045000
1+
1Z
b1000000 ^
b1010111010100001100101001000011101111010011011010110000001010011 \
b10011110 <"
b1000 ="
b1110000010011101 1"
b1110000010011101 e
b10011101 m
b100000 ;"
b1010011110011010100011011000000001110011011001100101100101001100 :"
b10011110 $"
1G
#7050000
0G
#7055000
b10000000 ^
b1011010110101000100110111000111010000001011101000110011101011010 \
1+
1Z
b10011111 $"
b10011111 <"
b1000 ="
b1110000010011110 1"
b1110000010011110 e
b10011110 m
b1000000 ;"
b1010111010100001100101001000011101111010011011010110000001010011 :"
1G
#7060000
0G
#7065000
1+
1Z
b1 ^
b1011110010101111101000101001010110001000011110110110111001100001 \
b10100000 <"
b1000 ="
b1110000010011111 1"
b1110000010011111 e
b10011111 m
b10000000 ;"
b1011010110101000100110111000111010000001011101000110011101011010 :"
b10100000 $"
1G
#7070000
0G
#7075000
b10 ^
b1100001110110110101010011001110010001111100000100111010101101000 \
1+
1Z
b10100001 $"
b10100001 <"
b1000 ="
b1110000010100000 2"
b1110000010100000 1"
b1110000010100000 e
b10100000 m
b1 ;"
b1011110010101111101000101001010110001000011110110110111001100001 :"
1G
#7080000
0G
#7085000
1+
1Z
b100 ^
b1100101010111101101100001010001110010110100010010111110001101111 \
b10100010 <"
b1000 ="
b1110000010100001 1"
b1110000010100001 e
b10100001 m
b10 ;"
b1100001110110110101010011001110010001111100000100111010101101000 :"
b10100010 $"
1G
#7090000
0G
#7095000
b1000 ^
b1101000111000100101101111010101010011101100100001000001101110110 \
1+
1Z
b10100011 $"
b10100011 <"
b1000 ="
b1110000010100010 1"
b1110000010100010 e
b10100010 m
b100 ;"
b1100101010111101101100001010001110010110100010010111110001101111 :"
1G
#7100000
0G
#7105000
1+
1Z
b10000 ^
b1101100011001011101111101011000110100100100101111000101001111101 \
b10100100 <"
b1000 ="
b1110000010100011 1"
b1110000010100011 e
b10100011 m
b1000 ;"
b1101000111000100101101111010101010011101100100001000001101110110 :"
b10100100 $"
1G
#7110000
0G
#7115000
b100000 ^
b1101111111010010110001011011100010101011100111101001000110000100 \
1+
1Z
b10100101 $"
b10100101 <"
b1000 ="
b1110000010100100 1"
b1110000010100100 e
b10100100 m
b10000 ;"
b1101100011001011101111101011000110100100100101111000101001111101 :"
1G
#7120000
0G
#7125000
1+
1Z
b1000000 ^
b1110011011011001110011001011111110110010101001011001100010001011 \
b10100110 <"
b1000 ="
b1110000010100101 1"
b1110000010100101 e
b10100101 m
b100000 ;"
b1101111111010010110001011011100010101011100111101001000110000100 :"
b10100110 $"
1G
#7130000
0G
#7135000
b10000000 ^
b1110110111100000110100111100011010111001101011001001111110010010 \
1+
1Z
b10100111 $"
b10100111 <"
b1000 ="
b1110000010100110 1"
b1110000010100110 e
b10100110 m
b1000000 ;"
b1110011011011001110011001011111110110010101001011001100010001011 :"
1G
#7140000
0G
#7145000
1+
1Z
b1 ^
b1111010011100111110110101100110111000000101100111010011010011001 \
b10101000 <"
b1000 ="
b1110000010100111 1"
b1110000010100111 e
b10100111 m
b10000000 ;"
b1110110111100000110100111100011010111001101011001001111110010010 :"
b10101000 $"
1G
#7150000
0G
#7155000
b10 ^
b1111101111101110111000011101010011000111101110101010110110100000 \
1+
1Z
b10101001 $"
b10101001 <"
b1000 ="
b1110000010101000 2"
b1110000010101000 1"
b1110000010101000 e
b10101000 m
b1 ;"
b1111010011100111110110101100110111000000101100111010011010011001 :"
1G
#7160000
0G
#7165000
1+
1Z
b100 ^
b1011110101111010001101101111001110110000011011010010100111 \
b10101010 <"
b1000 ="
b1110000010101001 1"
b1110000010101001 e
b10101001 m
b10 ;"
b1111101111101110111000011101010011000111101110101010110110100000 :"
b10101010 $"
1G
#7170000
0G
#7175000
b1000 ^
b100111111100111011111110001011010101110010001011101110101110 \
1+
1Z
b10101011 $"
b10101011 <"
b1000 ="
b1110000010101010 1"
b1110000010101010 e
b10101010 m
b100 ;"
b1011110101111010001101101111001110110000011011010010100111 :"
1G
#7180000
0G
#7185000
1+
1Z
b10000 ^
b1000000000011111101101110100111011100110011111100001010110101 \
b10101100 <"
b1000 ="
b1110000010101011 1"
b1110000010101011 e
b10101011 m
b1000 ;"
b100111111100111011111110001011010101110010001011101110101110 :"
b10101100 $"
1G
#7190000
0G
#7195000
b100000 ^
b1011100001010111111011111000011100011110101101100100110111100 \
1+
1Z
b10101101 $"
b10101101 <"
b1000 ="
b1110000010101100 1"
b1110000010101100 e
b10101100 m
b10000 ;"
b1000000000011111101101110100111011100110011111100001010110101 :"
1G
#7200000
0G
#7205000
1+
1Z
b1000000 ^
b1111000010001000001001111011111101010110111011101000011000011 \
b10101110 <"
b1000 ="
b1110000010101101 1"
b1110000010101101 e
b10101101 m
b100000 ;"
b1011100001010111111011111000011100011110101101100100110111100 :"
b10101110 $"
1G
#7210000
0G
#7215000
b10000000 ^
b10010100011000000010111111111011110001111001001101011111001010 \
1+
1Z
b10101111 $"
b10101111 <"
b1000 ="
b1110000010101110 1"
b1110000010101110 e
b10101110 m
b1000000 ;"
b1111000010001000001001111011111101010110111011101000011000011 :"
1G
#7220000
0G
#7225000
1+
1Z
b1 ^
b10110000011111000100100000010111111000111010111101111011010001 \
b10110000 <"
b1000 ="
b1110000010101111 1"
b1110000010101111 e
b10101111 m
b10000000 ;"
b10010100011000000010111111111011110001111001001101011111001010 :"
b10110000 $"
1G
#7230000
0G
#7235000
b10 ^
b11001100100110000110010000110011111111111100101110010111011000 \
1+
1Z
b10110001 $"
b10110001 <"
b1000 ="
b1110000010110000 2"
b1110000010110000 1"
b1110000010110000 e
b10110000 m
b1 ;"
b10110000011111000100100000010111111000111010111101111011010001 :"
1G
#7240000
0G
#7245000
1+
1Z
b100 ^
b11101000101101001000000001001100000110111110011110110011011111 \
b10110010 <"
b1000 ="
b1110000010110001 1"
b1110000010110001 e
b10110001 m
b10 ;"
b11001100100110000110010000110011111111111100101110010111011000 :"
b10110010 $"
1G
#7250000
0G
#7255000
b1000 ^
b100000100110100001001110001101000001101000000001111001111100110 \
1+
1Z
b10110011 $"
b10110011 <"
b1000 ="
b1110000010110010 1"
b1110000010110010 e
b10110010 m
b100 ;"
b11101000101101001000000001001100000110111110011110110011011111 :"
1G
#7260000
0G
#7265000
1+
1Z
b10000 ^
b100100000111011001011100010000100010100000001111111101011101101 \
b10110100 <"
b1000 ="
b1110000010110011 1"
b1110000010110011 e
b10110011 m
b1000 ;"
b100000100110100001001110001101000001101000000001111001111100110 :"
b10110100 $"
1G
#7270000
0G
#7275000
b100000 ^
b100111101000010001101010010100000011011000011100000000111110100 \
1+
1Z
b10110101 $"
b10110101 <"
b1000 ="
b1110000010110100 1"
b1110000010110100 e
b10110100 m
b10000 ;"
b100100000111011001011100010000100010100000001111111101011101101 :"
1G
#7280000
0G
#7285000
1+
1Z
b1000000 ^
b101011001001001001111000010111100100010000101010000100011111011 \
b10110110 <"
b1000 ="
b1110000010110101 1"
b1110000010110101 e
b10110101 m
b100000 ;"
b100111101000010001101010010100000011011000011100000000111110100 :"
b10110110 $"
1G
#7290000
0G
#7295000
b10000000 ^
b101110101010000010000110011011000101001000111000000111100000010 \
1+
1Z
b10110111 $"
b10110111 <"
b1000 ="
b1110000010110110 1"
b1110000010110110 e
b10110110 m
b1000000 ;"
b101011001001001001111000010111100100010000101010000100011111011 :"
1G
#7300000
0G
#7305000
1+
1Z
b1 ^
b110010001010111010010100011110100110000001000110001011000001001 \
b10111000 <"
b1000 ="
b1110000010110111 1"
b1110000010110111 e
b10110111 m
b10000000 ;"
b101110101010000010000110011011000101001000111000000111100000010 :"
b10111000 $"
1G
#7310000
0G
#7315000
b10 ^
b110101101011110010100010100010000110111001010100001110100010000 \
1+
1Z
b10111001 $"
b10111001 <"
b1000 ="
b1110000010111000 2"
b1110000010111000 1"
b1110000010111000 e
b10111000 m
b1 ;"
b110010001010111010010100011110100110000001000110001011000001001 :"
1G
#7320000
0G
#7325000
1+
1Z
b100 ^
b111001001100101010110000100101100111110001100010010010000010111 \
b10111010 <"
b1000 ="
b1110000010111001 1"
b1110000010111001 e
b10111001 m
b10 ;"
b110101101011110010100010100010000110111001010100001110100010000 :"
b10111010 $"
1G
#7330000
0G
#7335000
b1000 ^
b111100101101100010111110101001001000101001110000010101100011110 \
1+
1Z
b10111011 $"
b10111011 <"
b1000 ="
b1110000010111010 1"
b1110000010111010 e
b10111010 m
b100 ;"
b111001001100101010110000100101100111110001100010010010000010111 :"
1G
#7340000
0G
#7345000
1+
1Z
b10000 ^
b1000000001110011011001100101100101001100001111110011001000100101 \
b10111100 <"
b1000 ="
b1110000010111011 1"
b1110000010111011 e
b10111011 m
b1000 ;"
b111100101101100010111110101001001000101001110000010101100011110 :"
b10111100 $"
1G
#7350000
0G
#7355000
b100000 ^
b1000011101111010011011010110000001010011010001100011100100101100 \
1+
1Z
b10111101 $"
b10111101 <"
b1000 ="
b1110000010111100 1"
b1110000010111100 e
b10111100 m
b10000 ;"
b1000000001110011011001100101100101001100001111110011001000100101 :"
1G
#7360000
0G
#7365000
1+
1Z
b1000000 ^
b1000111010000001011101000110011101011010010011010100000000110011 \
b10111110 <"
b1000 ="
b1110000010111101 1"
b1110000010111101 e
b10111101 m
b100000 ;"
b1000011101111010011011010110000001010011010001100011100100101100 :"
b10111110 $"
1G
#7370000
0G
#7375000
b10000000 ^
b1001010110001000011110110110111001100001010101000100011100111010 \
1+
1Z
b10111111 $"
b10111111 <"
b1000 ="
b1110000010111110 1"
b1110000010111110 e
b10111110 m
b1000000 ;"
b1000111010000001011101000110011101011010010011010100000000110011 :"
1G
#7380000
0G
#7385000
1+
1Z
b1 ^
b1001110010001111100000100111010101101000010110110100111001000001 \
b11000000 <"
b1000 ="
b1110000010111111 1"
b1110000010111111 e
b10111111 m
b10000000 ;"
b1001010110001000011110110110111001100001010101000100011100111010 :"
b11000000 $"
1G
#7390000
0G
#7395000
b10 ^
b1010001110010110100010010111110001101111011000100101010101001000 \
1+
1Z
b11000001 $"
b11000001 <"
b1000 ="
b1110000011000000 2"
b1110000011000000 1"
b1110000011000000 e
b11000000 m
b1 ;"
b1001110010001111100000100111010101101000010110110100111001000001 :"
1G
#7400000
0G
#7405000
1+
1Z
b100 ^
b1010101010011101100100001000001101110110011010010101110001001111 \
b11000010 <"
b1000 ="
b1110000011000001 1"
b1110000011000001 e
b11000001 m
b10 ;"
b1010001110010110100010010111110001101111011000100101010101001000 :"
b11000010 $"
1G
#7410000
0G
#7415000
b1000 ^
b1011000110100100100101111000101001111101011100000110001101010110 \
1+
1Z
b11000011 $"
b11000011 <"
b1000 ="
b1110000011000010 1"
b1110000011000010 e
b11000010 m
b100 ;"
b1010101010011101100100001000001101110110011010010101110001001111 :"
1G
#7420000
0G
#7425000
1+
1Z
b10000 ^
b1011100010101011100111101001000110000100011101110110101001011101 \
b11000100 <"
b1000 ="
b1110000011000011 1"
b1110000011000011 e
b11000011 m
b1000 ;"
b1011000110100100100101111000101001111101011100000110001101010110 :"
b11000100 $"
1G
#7430000
0G
#7435000
b100000 ^
b1011111110110010101001011001100010001011011111100111000101100100 \
1+
1Z
b11000101 $"
b11000101 <"
b1000 ="
b1110000011000100 1"
b1110000011000100 e
b11000100 m
b10000 ;"
b1011100010101011100111101001000110000100011101110110101001011101 :"
1G
#7440000
0G
#7445000
1+
1Z
b1000000 ^
b1100011010111001101011001001111110010010100001010111100001101011 \
b11000110 <"
b1000 ="
b1110000011000101 1"
b1110000011000101 e
b11000101 m
b100000 ;"
b1011111110110010101001011001100010001011011111100111000101100100 :"
b11000110 $"
1G
#7450000
0G
#7455000
b10000000 ^
b1100110111000000101100111010011010011001100011000111111101110010 \
1+
1Z
b11000111 $"
b11000111 <"
b1000 ="
b1110000011000110 1"
b1110000011000110 e
b11000110 m
b1000000 ;"
b1100011010111001101011001001111110010010100001010111100001101011 :"
1G
#7460000
0G
#7465000
1+
1Z
b1 ^
b1101010011000111101110101010110110100000100100111000011001111001 \
b11001000 <"
b1000 ="
b1110000011000111 1"
b1110000011000111 e
b11000111 m
b10000000 ;"
b1100110111000000101100111010011010011001100011000111111101110010 :"
b11001000 $"
1G
#7470000
0G
#7475000
b10 ^
b1101101111001110110000011011010010100111100110101000110110000000 \
1+
1Z
b11001001 $"
b11001001 <"
b1000 ="
b1110000011001000 2"
b1110000011001000 1"
b1110000011001000 e
b11001000 m
b1 ;"
b1101010011000111101110101010110110100000100100111000011001111001 :"
1G
#7480000
0G
#7485000
1+
1Z
b100 ^
b1110001011010101110010001011101110101110101000011001010010000111 \
b11001010 <"
b1000 ="
b1110000011001001 1"
b1110000011001001 e
b11001001 m
b10 ;"
b1101101111001110110000011011010010100111100110101000110110000000 :"
b11001010 $"
1G
#7490000
0G
#7495000
b1000 ^
b1110100111011100110011111100001010110101101010001001101110001110 \
1+
1Z
b11001011 $"
b11001011 <"
b1000 ="
b1110000011001010 1"
b1110000011001010 e
b11001010 m
b100 ;"
b1110001011010101110010001011101110101110101000011001010010000111 :"
1G
#7500000
0G
#7505000
1+
1Z
b10000 ^
b1111000011100011110101101100100110111100101011111010001010010101 \
b11001100 <"
b1000 ="
b1110000011001011 1"
b1110000011001011 e
b11001011 m
b1000 ;"
b1110100111011100110011111100001010110101101010001001101110001110 :"
b11001100 $"
1G
#7510000
0G
#7515000
b100000 ^
b1111011111101010110111011101000011000011101101101010100110011100 \
1+
1Z
b11001101 $"
b11001101 <"
b1000 ="
b1110000011001100 1"
b1110000011001100 e
b11001100 m
b10000 ;"
b1111000011100011110101101100100110111100101011111010001010010101 :"
1G
#7520000
0G
#7525000
1+
1Z
b1000000 ^
b1111111011110001111001001101011111001010101111011011000010100011 \
b11001110 <"
b1000 ="
b1110000011001101 1"
b1110000011001101 e
b11001101 m
b100000 ;"
b1111011111101010110111011101000011000011101101101010100110011100 :"
b11001110 $"
1G
#7530000
0G
#7535000
b10000000 ^
b10111111000111010111101111011010001110001001011011110101010 \
1+
1Z
b11001111 $"
b11001111 <"
b1000 ="
b1110000011001110 1"
b1110000011001110 e
b11001110 m
b1000000 ;"
b1111111011110001111001001101011111001010101111011011000010100011 :"
1G
#7540000
0G
#7545000
1+
1Z
b1 ^
b110011111111111100101110010111011000110010111011111010110001 \
b11010000 <"
b1000 ="
b1110000011001111 1"
b1110000011001111 e
b11001111 m
b10000000 ;"
b10111111000111010111101111011010001110001001011011110101010 :"
b11010000 $"
1G
#7550000
0G
#7555000
b10 ^
b1001100000110111110011110110011011111110100101100010110111000 \
1+
1Z
b11010001 $"
b11010001 <"
b1000 ="
b1110000011010000 2"
b1110000011010000 1"
b1110000011010000 e
b11010000 m
b1 ;"
b110011111111111100101110010111011000110010111011111010110001 :"
1G
#7560000
0G
#7565000
1+
1Z
b100 ^
b1101000001101000000001111001111100110110110011100110010111111 \
b11010010 <"
b1000 ="
b1110000011010001 1"
b1110000011010001 e
b11010001 m
b10 ;"
b1001100000110111110011110110011011111110100101100010110111000 :"
b11010010 $"
1G
#7570000
0G
#7575000
b1000 ^
b10000100010100000001111111101011101101111000001101001111000110 \
1+
1Z
b11010011 $"
b11010011 <"
b1000 ="
b1110000011010010 1"
b1110000011010010 e
b11010010 m
b100 ;"
b1101000001101000000001111001111100110110110011100110010111111 :"
1G
#7580000
0G
#7585000
1+
1Z
b10000 ^
b10100000011011000011100000000111110100111001111101101011001101 \
b11010100 <"
b1000 ="
b1110000011010011 1"
b1110000011010011 e
b11010011 m
b1000 ;"
b10000100010100000001111111101011101101111000001101001111000110 :"
b11010100 $"
1G
#7590000
0G
#7595000
b100000 ^
b10111100100010000101010000100011111011111011101110000111010100 \
1+
1Z
b11010101 $"
b11010101 <"
b1000 ="
b1110000011010100 1"
b1110000011010100 e
b11010100 m
b10000 ;"
b10100000011011000011100000000111110100111001111101101011001101 :"
1G
#7600000
0G
#7605000
1+
1Z
b1000000 ^
b11011000101001000111000000111100000010111101011110100011011011 \
b11010110 <"
b1000 ="
b1110000011010101 1"
b1110000011010101 e
b11010101 m
b100000 ;"
b10111100100010000101010000100011111011111011101110000111010100 :"
b11010110 $"
1G
#7610000
0G
#7615000
b10000000 ^
b11110100110000001000110001011000001001111111001110111111100010 \
1+
1Z
b11010111 $"
b11010111 <"
b1000 ="
b1110000011010110 1"
b1110000011010110 e
b11010110 m
b1000000 ;"
b11011000101001000111000000111100000010111101011110100011011011 :"
1G
#7620000
0G
#7625000
1+
1Z
b1 ^
b100010000110111001010100001110100010000000000111111011011101001 \
b11011000 <"
b1000 ="
b1110000011010111 1"
b1110000011010111 e
b11010111 m
b10000000 ;"
b11110100110000001000110001011000001001111111001110111111100010 :"
b11011000 $"
1G
#7630000
0G
#7635000
b10 ^
b100101100111110001100010010010000010111000010101111110111110000 \
1+
1Z
b11011001 $"
b11011001 <"
b1000 ="
b1110000011011000 2"
b1110000011011000 1"
b1110000011011000 e
b11011000 m
b1 ;"
b100010000110111001010100001110100010000000000111111011011101001 :"
1G
#7640000
0G
#7645000
1+
1Z
b100 ^
b101001001000101001110000010101100011110000100010000010011110111 \
b11011010 <"
b1000 ="
b1110000011011001 1"
b1110000011011001 e
b11011001 m
b10 ;"
b100101100111110001100010010010000010111000010101111110111110000 :"
b11011010 $"
1G
#7650000
0G
#7655000
b1000 ^
b101100101001100001111110011001000100101000110000000101111111110 \
1+
1Z
b11011011 $"
b11011011 <"
b1000 ="
b1110000011011010 1"
b1110000011011010 e
b11011010 m
b100 ;"
b101001001000101001110000010101100011110000100010000010011110111 :"
1G
#7660000
0G
#7665000
1+
1Z
b10000 ^
b110000001010011010001100011100100101100000111110001001000000101 \
b11011100 <"
b1000 ="
b1110000011011011 1"
b1110000011011011 e
b11011011 m
b1000 ;"
b101100101001100001111110011001000100101000110000000101111111110 :"
b11011100 $"
1G
#7670000
0G
#7675000
b100000 ^
b110011101011010010011010100000000110011001001100001100100001100 \
1+
1Z
b11011101 $"
b11011101 <"
b1000 ="
b1110000011011100 1"
b1110000011011100 e
b11011100 m
b10000 ;"
b110000001010011010001100011100100101100000111110001001000000101 :"
1G
#7680000
0G
#7685000
1+
1Z
b1000000 ^
b110111001100001010101000100011100111010001011010010000000010011 \
b11011110 <"
b1000 ="
b1110000011011101 1"
b1110000011011101 e
b11011101 m
b100000 ;"
b110011101011010010011010100000000110011001001100001100100001100 :"
b11011110 $"
1G
#7690000
0G
#7695000
b10000000 ^
b111010101101000010110110100111001000001001101000010011100011010 \
1+
1Z
b11011111 $"
b11011111 <"
b1000 ="
b1110000011011110 1"
b1110000011011110 e
b11011110 m
b1000000 ;"
b110111001100001010101000100011100111010001011010010000000010011 :"
1G
#7700000
0G
#7705000
1+
1Z
b1 ^
b111110001101111011000100101010101001000001110110010111000100001 \
b11100000 <"
b1000 ="
b1110000011011111 1"
b1110000011011111 e
b11011111 m
b10000000 ;"
b111010101101000010110110100111001000001001101000010011100011010 :"
b11100000 $"
1G
#7710000
0G
#7715000
b10 ^
b1000001101110110011010010101110001001111010000100011010100101000 \
1+
1Z
b11100001 $"
b11100001 <"
b1000 ="
b1110000011100000 2"
b1110000011100000 1"
b1110000011100000 e
b11100000 m
b1 ;"
b111110001101111011000100101010101001000001110110010111000100001 :"
1G
#7720000
0G
#7725000
1+
1Z
b100 ^
b1000101001111101011100000110001101010110010010010011110000101111 \
b11100010 <"
b1000 ="
b1110000011100001 1"
b1110000011100001 e
b11100001 m
b10 ;"
b1000001101110110011010010101110001001111010000100011010100101000 :"
b11100010 $"
1G
#7730000
0G
#7735000
b1000 ^
b1001000110000100011101110110101001011101010100000100001100110110 \
1+
1Z
b11100011 $"
b11100011 <"
b1000 ="
b1110000011100010 1"
b1110000011100010 e
b11100010 m
b100 ;"
b1000101001111101011100000110001101010110010010010011110000101111 :"
1G
#7740000
0G
#7745000
1+
1Z
b10000 ^
b1001100010001011011111100111000101100100010101110100101000111101 \
b11100100 <"
b1000 ="
b1110000011100011 1"
b1110000011100011 e
b11100011 m
b1000 ;"
b1001000110000100011101110110101001011101010100000100001100110110 :"
b11100100 $"
1G
#7750000
0G
#7755000
b100000 ^
b1001111110010010100001010111100001101011010111100101000101000100 \
1+
1Z
b11100101 $"
b11100101 <"
b1000 ="
b1110000011100100 1"
b1110000011100100 e
b11100100 m
b10000 ;"
b1001100010001011011111100111000101100100010101110100101000111101 :"
1G
#7760000
0G
#7765000
1+
1Z
b1000000 ^
b1010011010011001100011000111111101110010011001010101100001001011 \
b11100110 <"
b1000 ="
b1110000011100101 1"
b1110000011100101 e
b11100101 m
b100000 ;"
b1001111110010010100001010111100001101011010111100101000101000100 :"
b11100110 $"
1G
#7770000
0G
#7775000
b10000000 ^
b1010110110100000100100111000011001111001011011000101111101010010 \
1+
1Z
b11100111 $"
b11100111 <"
b1000 ="
b1110000011100110 1"
b1110000011100110 e
b11100110 m
b1000000 ;"
b1010011010011001100011000111111101110010011001010101100001001011 :"
1G
#7780000
0G
#7785000
1+
1Z
b1 ^
b1011010010100111100110101000110110000000011100110110011001011001 \
b11101000 <"
b1000 ="
b1110000011100111 1"
b1110000011100111 e
b11100111 m
b10000000 ;"
b1010110110100000100100111000011001111001011011000101111101010010 :"
b11101000 $"
1G
#7790000
0G
#7795000
b10 ^
b1011101110101110101000011001010010000111011110100110110101100000 \
1+
1Z
b11101001 $"
b11101001 <"
b1000 ="
b1110000011101000 2"
b1110000011101000 1"
b1110000011101000 e
b11101000 m
b1 ;"
b1011010010100111100110101000110110000000011100110110011001011001 :"
1G
#7800000
0G
#7805000
1+
1Z
b100 ^
b1100001010110101101010001001101110001110100000010111010001100111 \
b11101010 <"
b1000 ="
b1110000011101001 1"
b1110000011101001 e
b11101001 m
b10 ;"
b1011101110101110101000011001010010000111011110100110110101100000 :"
b11101010 $"
1G
#7810000
0G
#7815000
b1000 ^
b1100100110111100101011111010001010010101100010000111101101101110 \
1+
1Z
b11101011 $"
b11101011 <"
b1000 ="
b1110000011101010 1"
b1110000011101010 e
b11101010 m
b100 ;"
b1100001010110101101010001001101110001110100000010111010001100111 :"
1G
#7820000
0G
#7825000
1+
1Z
b10000 ^
b1101000011000011101101101010100110011100100011111000001001110101 \
b11101100 <"
b1000 ="
b1110000011101011 1"
b1110000011101011 e
b11101011 m
b1000 ;"
b1100100110111100101011111010001010010101100010000111101101101110 :"
b11101100 $"
1G
#7830000
0G
#7835000
b100000 ^
b1101011111001010101111011011000010100011100101101000100101111100 \
1+
1Z
b11101101 $"
b11101101 <"
b1000 ="
b1110000011101100 1"
b1110000011101100 e
b11101100 m
b10000 ;"
b1101000011000011101101101010100110011100100011111000001001110101 :"
1G
#7840000
0G
#7845000
1+
1Z
b1000000 ^
b1101111011010001110001001011011110101010100111011001000010000011 \
b11101110 <"
b1000 ="
b1110000011101101 1"
b1110000011101101 e
b11101101 m
b100000 ;"
b1101011111001010101111011011000010100011100101101000100101111100 :"
b11101110 $"
1G
#7850000
0G
#7855000
b10000000 ^
b1110010111011000110010111011111010110001101001001001011110001010 \
1+
1Z
b11101111 $"
b11101111 <"
b1000 ="
b1110000011101110 1"
b1110000011101110 e
b11101110 m
b1000000 ;"
b1101111011010001110001001011011110101010100111011001000010000011 :"
1G
#7860000
0G
#7865000
1+
1Z
b1 ^
b1110110011011111110100101100010110111000101010111001111010010001 \
b11110000 <"
b1000 ="
b1110000011101111 1"
b1110000011101111 e
b11101111 m
b10000000 ;"
b1110010111011000110010111011111010110001101001001001011110001010 :"
b11110000 $"
1G
#7870000
0G
#7875000
b10 ^
b1111001111100110110110011100110010111111101100101010010110011000 \
1+
1Z
b11110001 $"
b11110001 <"
b1000 ="
b1110000011110000 2"
b1110000011110000 1"
b1110000011110000 e
b11110000 m
b1 ;"
b1110110011011111110100101100010110111000101010111001111010010001 :"
1G
#7880000
0G
#7885000
1+
1Z
b100 ^
b1111101011101101111000001101001111000110101110011010110010011111 \
b11110010 <"
b1000 ="
b1110000011110001 1"
b1110000011110001 e
b11110001 m
b10 ;"
b1111001111100110110110011100110010111111101100101010010110011000 :"
b11110010 $"
1G
#7890000
0G
#7895000
b1000 ^
b111110100111001111101101011001101110000001011001110100110 \
1+
1Z
b11110011 $"
b11110011 <"
b1000 ="
b1110000011110010 1"
b1110000011110010 e
b11110010 m
b100 ;"
b1111101011101101111000001101001111000110101110011010110010011111 :"
1G
#7900000
0G
#7905000
1+
1Z
b10000 ^
b100011111011111011101110000111010100110001111011101010101101 \
b11110100 <"
b1000 ="
b1110000011110011 1"
b1110000011110011 e
b11110011 m
b1000 ;"
b111110100111001111101101011001101110000001011001110100110 :"
b11110100 $"
1G
#7910000
0G
#7915000
b100000 ^
b111100000010111101011110100011011011110011101100000110110100 \
1+
1Z
b11110101 $"
b11110101 <"
b1000 ="
b1110000011110100 1"
b1110000011110100 e
b11110100 m
b10000 ;"
b100011111011111011101110000111010100110001111011101010101101 :"
1G
#7920000
0G
#7925000
1+
1Z
b1000000 ^
b1011000001001111111001110111111100010110101011100100010111011 \
b11110110 <"
b1000 ="
b1110000011110101 1"
b1110000011110101 e
b11110101 m
b100000 ;"
b111100000010111101011110100011011011110011101100000110110100 :"
b11110110 $"
1G
#7930000
0G
#7935000
b10000000 ^
b1110100010000000000111111011011101001110111001100111111000010 \
1+
1Z
b11110111 $"
b11110111 <"
b1000 ="
b1110000011110110 1"
b1110000011110110 e
b11110110 m
b1000000 ;"
b1011000001001111111001110111111100010110101011100100010111011 :"
1G
#7940000
0G
#7945000
1+
1Z
b1 ^
b10010000010111000010101111110111110000111000111101011011001001 \
b11111000 <"
b1000 ="
b1110000011110111 1"
b1110000011110111 e
b11110111 m
b10000000 ;"
b1110100010000000000111111011011101001110111001100111111000010 :"
b11111000 $"
1G
#7950000
0G
#7955000
b10 ^
b10101100011110000100010000010011110111111010101101110111010000 \
1+
1Z
b11111001 $"
b11111001 <"
b1000 ="
b1110000011111000 2"
b1110000011111000 1"
b1110000011111000 e
b11111000 m
b1 ;"
b10010000010111000010101111110111110000111000111101011011001001 :"
1G
#7960000
0G
#7965000
1+
1Z
b100 ^
b11001000100101000110000000101111111110111100011110010011010111 \
b11111010 <"
b1000 ="
b1110000011111001 1"
b1110000011111001 e
b11111001 m
b10 ;"
b10101100011110000100010000010011110111111010101101110111010000 :"
b11111010 $"
1G
#7970000
0G
#7975000
b1000 ^
b11100100101100000111110001001000000101111110001110101111011110 \
1+
1Z
b11111011 $"
b11111011 <"
b1000 ="
b1110000011111010 1"
b1110000011111010 e
b11111010 m
b100 ;"
b11001000100101000110000000101111111110111100011110010011010111 :"
1G
#7980000
0G
#7985000
1+
1Z
b10000 ^
b100000000110011001001100001100100001100111111111111001011100101 \
b11111100 <"
b1000 ="
b1110000011111011 1"
b1110000011111011 e
b11111011 m
b1000 ;"
b11100100101100000111110001001000000101111110001110101111011110 :"
b11111100 $"
1G
#7990000
0G
#7995000
b100000 ^
b100011100111010001011010010000000010011000001101111100111101100 \
1+
1Z
b11111101 $"
b11111101 <"
b1000 ="
b1110000011111100 1"
b1110000011111100 e
b11111100 m
b10000 ;"
b100000000110011001001100001100100001100111111111111001011100101 :"
1G
#8000000
0G
#8005000
1+
1Z
b1000000 ^
b100111001000001001101000010011100011010000011010000000011110011 \
b11111110 <"
b1000 ="
b1110000011111101 1"
b1110000011111101 e
b11111101 m
b100000 ;"
b100011100111010001011010010000000010011000001101111100111101100 :"
b11111110 $"
1G
#8010000
0G
#8015000
1]
b10000000 ^
b101010101001000001110110010111000100001000101000000011111111010 \
1+
1Z
b11111111 $"
b11111111 <"
b1000 ="
b1110000011111110 1"
b1110000011111110 e
b11111110 m
b1000000 ;"
b100111001000001001101000010011100011010000011010000000011110011 :"
1G
#8020000
0G
#8025000
0+
0Z
1F
0]
0_
b100000000 <"
b10000 ="
b1110000011111111 1"
b1110000011111111 e
b11111111 m
b10000000 ;"
b101010101001000001110110010111000100001000101000000011111111010 :"
b100000000 $"
1G
#8030000
0G
#8035000
1%
1T
1G
#8040000
0G
#8045000
b0 9
b11111111 4
b1110000000000000 0
1:
1"
1Q
0%
0T
0F
b1000 B"
b1110000011111000 @"
b1110000011111111 ?"
b1110000011111111 e
b11111111 m
b100000000 A"
1G
#8050000
0G
#8055000
0!
0P
1N
0:
b1000 0"
b1000110101111001011001010101000100111101001010010001010100000001 -"
b1110000000000000 &"
b1110000000000000 %"
b1110000000000000 e
b0 m
b0 /"
b0 ,"
b11111111 *"
b1110000000000000 '"
b0 #"
1G
#8060000
0G
#8065000
b1000110101111001011001010101000100111101001010010001010100000001 &
b1000110101111001011001010101000100111101001010010001010100000001 U
1*
1Y
1G
#8070000
0G
#8075000
0*
0Y
b1000 0"
b1000110101111001011001010101000100111101001010010001010100000001 -"
b1110000000000001 %"
b1110000000000001 e
b1 m
b1 /"
b1 #"
1G
#8080000
0G
#8085000
1*
1Y
1G
#8090000
0G
#8095000
0*
0Y
b1000 0"
b1000110101111001011001010101000100111101001010010001010100000001 -"
b1110000000000010 %"
b1110000000000010 e
b10 m
b10 /"
b10 #"
1G
#8100000
0G
#8105000
1*
1Y
1G
#8110000
0G
#8115000
0*
0Y
b1000 0"
b1000110101111001011001010101000100111101001010010001010100000001 -"
b1110000000000011 %"
b1110000000000011 e
b11 m
b11 /"
b11 #"
1G
#8120000
0G
#8125000
1*
1Y
1G
#8130000
0G
#8135000
0*
0Y
b1000 0"
b1000110101111001011001010101000100111101001010010001010100000001 -"
b1110000000000100 %"
b1110000000000100 e
b100 m
b100 /"
b100 #"
1G
#8140000
0G
#8145000
1*
1Y
1G
#8150000
0G
#8155000
0*
0Y
b1000 0"
b1000110101111001011001010101000100111101001010010001010100000001 -"
b1110000000000101 %"
b1110000000000101 e
b101 m
b101 /"
b101 #"
1G
#8160000
0G
#8165000
1*
1Y
1G
#8170000
0G
#8175000
0*
0Y
b1000 0"
b1000110101111001011001010101000100111101001010010001010100000001 -"
b1110000000000110 %"
b1110000000000110 e
b110 m
b110 /"
b110 #"
1G
#8180000
0G
#8185000
1*
1Y
1G
#8190000
0G
#8195000
0*
0Y
b1000 0"
b1000110101111001011001010101000100111101001010010001010100000001 -"
b1110000000000111 %"
b1110000000000111 e
b111 m
b111 /"
b111 #"
1G
#8200000
0G
#8205000
1*
1Y
1G
#8210000
0G
#8215000
0*
0Y
b1000 0"
b1100010110110001100111011000100101110101011000010100110100111001 -"
b1110000000001000 &"
b1110000000001000 %"
b1110000000001000 e
b1000 m
b1000 /"
b1000 #"
1G
#8220000
0G
#8225000
b1100010110110001100111011000100101110101011000010100110100111001 &
b1100010110110001100111011000100101110101011000010100110100111001 U
1*
1Y
1G
#8230000
0G
#8235000
0*
0Y
b1000 0"
b1100010110110001100111011000100101110101011000010100110100111001 -"
b1110000000001001 %"
b1110000000001001 e
b1001 m
b1001 /"
b1001 #"
1G
#8240000
0G
#8245000
1*
1Y
1G
#8250000
0G
#8255000
0*
0Y
b1000 0"
b1100010110110001100111011000100101110101011000010100110100111001 -"
b1110000000001010 %"
b1110000000001010 e
b1010 m
b1010 /"
b1010 #"
1G
#8260000
0G
#8265000
1*
1Y
1G
#8270000
0G
#8275000
0*
0Y
b1000 0"
b1100010110110001100111011000100101110101011000010100110100111001 -"
b1110000000001011 %"
b1110000000001011 e
b1011 m
b1011 /"
b1011 #"
1G
#8280000
0G
#8285000
1*
1Y
1G
#8290000
0G
#8295000
0*
0Y
b1000 0"
b1100010110110001100111011000100101110101011000010100110100111001 -"
b1110000000001100 %"
b1110000000001100 e
b1100 m
b1100 /"
b1100 #"
1G
#8300000
0G
#8305000
1*
1Y
1G
#8310000
0G
#8315000
0*
0Y
b1000 0"
b1100010110110001100111011000100101110101011000010100110100111001 -"
b1110000000001101 %"
b1110000000001101 e
b1101 m
b1101 /"
b1101 #"
1G
#8320000
0G
#8325000
1*
1Y
1G
#8330000
0G
#8335000
0*
0Y
b1000 0"
b1100010110110001100111011000100101110101011000010100110100111001 -"
b1110000000001110 %"
b1110000000001110 e
b1110 m
b1110 /"
b1110 #"
1G
#8340000
0G
#8345000
1*
1Y
1G
#8350000
0G
#8355000
0*
0Y
b1000 0"
b1100010110110001100111011000100101110101011000010100110100111001 -"
b1110000000001111 %"
b1110000000001111 e
b1111 m
b1111 /"
b1111 #"
1G
#8360000
0G
#8365000
1*
1Y
1G
#8370000
0G
#8375000
0*
0Y
b1000 0"
b1111110111101001110101011100000110101101100110011000010101110001 -"
b1110000000010000 &"
b1110000000010000 %"
b1110000000010000 e
b10000 m
b10000 /"
b10000 #"
1G
#8380000
0G
#8385000
b1111110111101001110101011100000110101101100110011000010101110001 &
b1111110111101001110101011100000110101101100110011000010101110001 U
1*
1Y
1G
#8390000
0G
#8395000
0*
0Y
b1000 0"
b1111110111101001110101011100000110101101100110011000010101110001 -"
b1110000000010001 %"
b1110000000010001 e
b10001 m
b10001 /"
b10001 #"
1G
#8400000
0G
#8405000
1*
1Y
1G
#8410000
0G
#8415000
0*
0Y
b1000 0"
b1111110111101001110101011100000110101101100110011000010101110001 -"
b1110000000010010 %"
b1110000000010010 e
b10010 m
b10010 /"
b10010 #"
1G
#8420000
0G
#8425000
1*
1Y
1G
#8430000
0G
#8435000
0*
0Y
b1000 0"
b1111110111101001110101011100000110101101100110011000010101110001 -"
b1110000000010011 %"
b1110000000010011 e
b10011 m
b10011 /"
b10011 #"
1G
#8440000
0G
#8445000
1*
1Y
1G
#8450000
0G
#8455000
0*
0Y
b1000 0"
b1111110111101001110101011100000110101101100110011000010101110001 -"
b1110000000010100 %"
b1110000000010100 e
b10100 m
b10100 /"
b10100 #"
1G
#8460000
0G
#8465000
1*
1Y
1G
#8470000
0G
#8475000
0*
0Y
b1000 0"
b1111110111101001110101011100000110101101100110011000010101110001 -"
b1110000000010101 %"
b1110000000010101 e
b10101 m
b10101 /"
b10101 #"
1G
#8480000
0G
#8485000
1*
1Y
1G
#8490000
0G
#8495000
0*
0Y
b1000 0"
b1111110111101001110101011100000110101101100110011000010101110001 -"
b1110000000010110 %"
b1110000000010110 e
b10110 m
b10110 /"
b10110 #"
1G
#8500000
0G
#8505000
1*
1Y
1G
#8510000
0G
#8515000
0*
0Y
b1000 0"
b1111110111101001110101011100000110101101100110011000010101110001 -"
b1110000000010111 %"
b1110000000010111 e
b10111 m
b10111 /"
b10111 #"
1G
#8520000
0G
#8525000
1*
1Y
1G
#8530000
0G
#8535000
0*
0Y
b1000 0"
b11010100100001000011011111100111100101110100011011110110101001 -"
b1110000000011000 &"
b1110000000011000 %"
b1110000000011000 e
b11000 m
b11000 /"
b11000 #"
1G
#8540000
0G
#8545000
b11010100100001000011011111100111100101110100011011110110101001 &
b11010100100001000011011111100111100101110100011011110110101001 U
1*
1Y
1G
#8550000
0G
#8555000
0*
0Y
b1000 0"
b11010100100001000011011111100111100101110100011011110110101001 -"
b1110000000011001 %"
b1110000000011001 e
b11001 m
b11001 /"
b11001 #"
1G
#8560000
0G
#8565000
1*
1Y
1G
#8570000
0G
#8575000
0*
0Y
b1000 0"
b11010100100001000011011111100111100101110100011011110110101001 -"
b1110000000011010 %"
b1110000000011010 e
b11010 m
b11010 /"
b11010 #"
1G
#8580000
0G
#8585000
1*
1Y
1G
#8590000
0G
#8595000
0*
0Y
b1000 0"
b11010100100001000011011111100111100101110100011011110110101001 -"
b1110000000011011 %"
b1110000000011011 e
b11011 m
b11011 /"
b11011 #"
1G
#8600000
0G
#8605000
1*
1Y
1G
#8610000
0G
#8615000
0*
0Y
b1000 0"
b11010100100001000011011111100111100101110100011011110110101001 -"
b1110000000011100 %"
b1110000000011100 e
b11100 m
b11100 /"
b11100 #"
1G
#8620000
0G
#8625000
1*
1Y
1G
#8630000
0G
#8635000
0*
0Y
b1000 0"
b11010100100001000011011111100111100101110100011011110110101001 -"
b1110000000011101 %"
b1110000000011101 e
b11101 m
b11101 /"
b11101 #"
1G
#8640000
0G
#8645000
1*
1Y
1G
#8650000
0G
#8655000
0*
0Y
b1000 0"
b11010100100001000011011111100111100101110100011011110110101001 -"
b1110000000011110 %"
b1110000000011110 e
b11110 m
b11110 /"
b11110 #"
1G
#8660000
0G
#8665000
1*
1Y
1G
#8670000
0G
#8675000
0*
0Y
b1000 0"
b11010100100001000011011111100111100101110100011011110110101001 -"
b1110000000011111 %"
b1110000000011111 e
b11111 m
b11111 /"
b11111 #"
1G
#8680000
0G
#8685000
1*
1Y
1G
#8690000
0G
#8695000
0*
0Y
b1000 0"
b110110101011001010001010011000100011101000010011111010111100001 -"
b1110000000100000 &"
b1110000000100000 %"
b1110000000100000 e
b100000 m
b100000 /"
b100000 #"
1G
#8700000
0G
#8705000
b110110101011001010001010011000100011101000010011111010111100001 &
b110110101011001010001010011000100011101000010011111010111100001 U
1*
1Y
1G
#8710000
0G
#8715000
0*
0Y
b1000 0"
b110110101011001010001010011000100011101000010011111010111100001 -"
b1110000000100001 %"
b1110000000100001 e
b100001 m
b100001 /"
b100001 #"
1G
#8720000
0G
#8725000
1*
1Y
1G
#8730000
0G
#8735000
0*
0Y
b1000 0"
b110110101011001010001010011000100011101000010011111010111100001 -"
b1110000000100010 %"
b1110000000100010 e
b100010 m
b100010 /"
b100010 #"
1G
#8740000
0G
#8745000
1*
1Y
1G
#8750000
0G
#8755000
0*
0Y
b1000 0"
b110110101011001010001010011000100011101000010011111010111100001 -"
b1110000000100011 %"
b1110000000100011 e
b100011 m
b100011 /"
b100011 #"
1G
#8760000
0G
#8765000
1*
1Y
1G
#8770000
0G
#8775000
0*
0Y
b1000 0"
b110110101011001010001010011000100011101000010011111010111100001 -"
b1110000000100100 %"
b1110000000100100 e
b100100 m
b100100 /"
b100100 #"
1G
#8780000
0G
#8785000
1*
1Y
1G
#8790000
0G
#8795000
0*
0Y
b1000 0"
b110110101011001010001010011000100011101000010011111010111100001 -"
b1110000000100101 %"
b1110000000100101 e
b100101 m
b100101 /"
b100101 #"
1G
#8800000
0G
#8805000
1*
1Y
1G
#8810000
0G
#8815000
0*
0Y
b1000 0"
b110110101011001010001010011000100011101000010011111010111100001 -"
b1110000000100110 %"
b1110000000100110 e
b100110 m
b100110 /"
b100110 #"
1G
#8820000
0G
#8825000
1*
1Y
1G
#8830000
0G
#8835000
0*
0Y
b1000 0"
b110110101011001010001010011000100011101000010011111010111100001 -"
b1110000000100111 %"
b1110000000100111 e
b100111 m
b100111 /"
b100111 #"
1G
#8840000
0G
#8845000
1*
1Y
1G
#8850000
0G
#8855000
0*
0Y
b1000 0"
b1010010110010001011111010110100101010101010000010010110100011001 -"
b1110000000101000 &"
b1110000000101000 %"
b1110000000101000 e
b101000 m
b101000 /"
b101000 #"
1G
#8860000
0G
#8865000
b1010010110010001011111010110100101010101010000010010110100011001 &
b1010010110010001011111010110100101010101010000010010110100011001 U
1*
1Y
1G
#8870000
0G
#8875000
0*
0Y
b1000 0"
b1010010110010001011111010110100101010101010000010010110100011001 -"
b1110000000101001 %"
b1110000000101001 e
b101001 m
b101001 /"
b101001 #"
1G
#8880000
0G
#8885000
1*
1Y
1G
#8890000
0G
#8895000
0*
0Y
b1000 0"
b1010010110010001011111010110100101010101010000010010110100011001 -"
b1110000000101010 %"
b1110000000101010 e
b101010 m
b101010 /"
b101010 #"
1G
#8900000
0G
#8905000
1*
1Y
1G
#8910000
0G
#8915000
0*
0Y
b1000 0"
b1010010110010001011111010110100101010101010000010010110100011001 -"
b1110000000101011 %"
b1110000000101011 e
b101011 m
b101011 /"
b101011 #"
1G
#8920000
0G
#8925000
1*
1Y
1G
#8930000
0G
#8935000
0*
0Y
b1000 0"
b1010010110010001011111010110100101010101010000010010110100011001 -"
b1110000000101100 %"
b1110000000101100 e
b101100 m
b101100 /"
b101100 #"
1G
#8940000
0G
#8945000
1*
1Y
1G
#8950000
0G
#8955000
0*
0Y
b1000 0"
b1010010110010001011111010110100101010101010000010010110100011001 -"
b1110000000101101 %"
b1110000000101101 e
b101101 m
b101101 /"
b101101 #"
1G
#8960000
0G
#8965000
1*
1Y
1G
#8970000
0G
#8975000
0*
0Y
b1000 0"
b1010010110010001011111010110100101010101010000010010110100011001 -"
b1110000000101110 %"
b1110000000101110 e
b101110 m
b101110 /"
b101110 #"
1G
#8980000
0G
#8985000
1*
1Y
1G
#8990000
0G
#8995000
0*
0Y
b1000 0"
b1010010110010001011111010110100101010101010000010010110100011001 -"
b1110000000101111 %"
b1110000000101111 e
b101111 m
b101111 /"
b101111 #"
1G
#9000000
0G
#9005000
1*
1Y
1G
#9010000
0G
#9015000
0*
0Y
b1000 0"
b1101110111001001101101011010000110001101011110010110010101010001 -"
b1110000000110000 &"
b1110000000110000 %"
b1110000000110000 e
b110000 m
b110000 /"
b110000 #"
1G
#9020000
0G
#9025000
b1101110111001001101101011010000110001101011110010110010101010001 &
b1101110111001001101101011010000110001101011110010110010101010001 U
1*
1Y
1G
#9030000
0G
#9035000
0*
0Y
b1000 0"
b1101110111001001101101011010000110001101011110010110010101010001 -"
b1110000000110001 %"
b1110000000110001 e
b110001 m
b110001 /"
b110001 #"
1G
#9040000
0G
#9045000
1*
1Y
1G
#9050000
0G
#9055000
0*
0Y
b1000 0"
b1101110111001001101101011010000110001101011110010110010101010001 -"
b1110000000110010 %"
b1110000000110010 e
b110010 m
b110010 /"
b110010 #"
1G
#9060000
0G
#9065000
1*
1Y
1G
#9070000
0G
#9075000
0*
0Y
b1000 0"
b1101110111001001101101011010000110001101011110010110010101010001 -"
b1110000000110011 %"
b1110000000110011 e
b110011 m
b110011 /"
b110011 #"
1G
#9080000
0G
#9085000
1*
1Y
1G
#9090000
0G
#9095000
0*
0Y
b1000 0"
b1101110111001001101101011010000110001101011110010110010101010001 -"
b1110000000110100 %"
b1110000000110100 e
b110100 m
b110100 /"
b110100 #"
1G
#9100000
0G
#9105000
1*
1Y
1G
#9110000
0G
#9115000
0*
0Y
b1000 0"
b1101110111001001101101011010000110001101011110010110010101010001 -"
b1110000000110101 %"
b1110000000110101 e
b110101 m
b110101 /"
b110101 #"
1G
#9120000
0G
#9125000
1*
1Y
1G
#9130000
0G
#9135000
0*
0Y
b1000 0"
b1101110111001001101101011010000110001101011110010110010101010001 -"
b1110000000110110 %"
b1110000000110110 e
b110110 m
b110110 /"
b110110 #"
1G
#9140000
0G
#9145000
1*
1Y
1G
#9150000
0G
#9155000
0*
0Y
b1000 0"
b1101110111001001101101011010000110001101011110010110010101010001 -"
b1110000000110111 %"
b1110000000110111 e
b110111 m
b110111 /"
b110111 #"
1G
#9160000
0G
#9165000
1*
1Y
1G
#9170000
0G
#9175000
0*
0Y
b1000 0"
b1010100000001111011011101100111000101101100011001110110001001 -"
b1110000000111000 &"
b1110000000111000 %"
b1110000000111000 e
b111000 m
b111000 /"
b111000 #"
1G
#9180000
0G
#9185000
b1010100000001111011011101100111000101101100011001110110001001 &
b1010100000001111011011101100111000101101100011001110110001001 U
1*
1Y
1G
#9190000
0G
#9195000
0*
0Y
b1000 0"
b1010100000001111011011101100111000101101100011001110110001001 -"
b1110000000111001 %"
b1110000000111001 e
b111001 m
b111001 /"
b111001 #"
1G
#9200000
0G
#9205000
1*
1Y
1G
#9210000
0G
#9215000
0*
0Y
b1000 0"
b1010100000001111011011101100111000101101100011001110110001001 -"
b1110000000111010 %"
b1110000000111010 e
b111010 m
b111010 /"
b111010 #"
1G
#9220000
0G
#9225000
1*
1Y
1G
#9230000
0G
#9235000
0*
0Y
b1000 0"
b1010100000001111011011101100111000101101100011001110110001001 -"
b1110000000111011 %"
b1110000000111011 e
b111011 m
b111011 /"
b111011 #"
1G
#9240000
0G
#9245000
1*
1Y
1G
#9250000
0G
#9255000
0*
0Y
b1000 0"
b1010100000001111011011101100111000101101100011001110110001001 -"
b1110000000111100 %"
b1110000000111100 e
b111100 m
b111100 /"
b111100 #"
1G
#9260000
0G
#9265000
1*
1Y
1G
#9270000
0G
#9275000
0*
0Y
b1000 0"
b1010100000001111011011101100111000101101100011001110110001001 -"
b1110000000111101 %"
b1110000000111101 e
b111101 m
b111101 /"
b111101 #"
1G
#9280000
0G
#9285000
1*
1Y
1G
#9290000
0G
#9295000
0*
0Y
b1000 0"
b1010100000001111011011101100111000101101100011001110110001001 -"
b1110000000111110 %"
b1110000000111110 e
b111110 m
b111110 /"
b111110 #"
1G
#9300000
0G
#9305000
1*
1Y
1G
#9310000
0G
#9315000
0*
0Y
b1000 0"
b1010100000001111011011101100111000101101100011001110110001001 -"
b1110000000111111 %"
b1110000000111111 e
b111111 m
b111111 /"
b111111 #"
1G
#9320000
0G
#9325000
1*
1Y
1G
#9330000
0G
#9335000
0*
0Y
b1000 0"
b100110100111001001001010001000111111101111010011101010111000001 -"
b1110000001000000 &"
b1110000001000000 %"
b1110000001000000 e
b1000000 m
b1000000 /"
b1000000 #"
1G
#9340000
0G
#9345000
b100110100111001001001010001000111111101111010011101010111000001 &
b100110100111001001001010001000111111101111010011101010111000001 U
1*
1Y
1G
#9350000
0G
#9355000
0*
0Y
b1000 0"
b100110100111001001001010001000111111101111010011101010111000001 -"
b1110000001000001 %"
b1110000001000001 e
b1000001 m
b1000001 /"
b1000001 #"
1G
#9360000
0G
#9365000
1*
1Y
1G
#9370000
0G
#9375000
0*
0Y
b1000 0"
b100110100111001001001010001000111111101111010011101010111000001 -"
b1110000001000010 %"
b1110000001000010 e
b1000010 m
b1000010 /"
b1000010 #"
1G
#9380000
0G
#9385000
1*
1Y
1G
#9390000
0G
#9395000
0*
0Y
b1000 0"
b100110100111001001001010001000111111101111010011101010111000001 -"
b1110000001000011 %"
b1110000001000011 e
b1000011 m
b1000011 /"
b1000011 #"
1G
#9400000
0G
#9405000
1*
1Y
1G
#9410000
0G
#9415000
0*
0Y
b1000 0"
b100110100111001001001010001000111111101111010011101010111000001 -"
b1110000001000100 %"
b1110000001000100 e
b1000100 m
b1000100 /"
b1000100 #"
1G
#9420000
0G
#9425000
1*
1Y
1G
#9430000
0G
#9435000
0*
0Y
b1000 0"
b100110100111001001001010001000111111101111010011101010111000001 -"
b1110000001000101 %"
b1110000001000101 e
b1000101 m
b1000101 /"
b1000101 #"
1G
#9440000
0G
#9445000
1*
1Y
1G
#9450000
0G
#9455000
0*
0Y
b1000 0"
b100110100111001001001010001000111111101111010011101010111000001 -"
b1110000001000110 %"
b1110000001000110 e
b1000110 m
b1000110 /"
b1000110 #"
1G
#9460000
0G
#9465000
1*
1Y
1G
#9470000
0G
#9475000
0*
0Y
b1000 0"
b100110100111001001001010001000111111101111010011101010111000001 -"
b1110000001000111 %"
b1110000001000111 e
b1000111 m
b1000111 /"
b1000111 #"
1G
#9480000
0G
#9485000
1*
1Y
1G
#9490000
0G
#9495000
0*
0Y
b1000 0"
b1000010101110001010111010100100100110101001000010000110111111001 -"
b1110000001001000 &"
b1110000001001000 %"
b1110000001001000 e
b1001000 m
b1001000 /"
b1001000 #"
1G
#9500000
0G
#9505000
b1000010101110001010111010100100100110101001000010000110111111001 &
b1000010101110001010111010100100100110101001000010000110111111001 U
1*
1Y
1G
#9510000
0G
#9515000
0*
0Y
b1000 0"
b1000010101110001010111010100100100110101001000010000110111111001 -"
b1110000001001001 %"
b1110000001001001 e
b1001001 m
b1001001 /"
b1001001 #"
1G
#9520000
0G
#9525000
1*
1Y
1G
#9530000
0G
#9535000
0*
0Y
b1000 0"
b1000010101110001010111010100100100110101001000010000110111111001 -"
b1110000001001010 %"
b1110000001001010 e
b1001010 m
b1001010 /"
b1001010 #"
1G
#9540000
0G
#9545000
1*
1Y
1G
#9550000
0G
#9555000
0*
0Y
b1000 0"
b1000010101110001010111010100100100110101001000010000110111111001 -"
b1110000001001011 %"
b1110000001001011 e
b1001011 m
b1001011 /"
b1001011 #"
1G
#9560000
0G
#9565000
1*
1Y
1G
#9570000
0G
#9575000
0*
0Y
b1000 0"
b1000010101110001010111010100100100110101001000010000110111111001 -"
b1110000001001100 %"
b1110000001001100 e
b1001100 m
b1001100 /"
b1001100 #"
1G
#9580000
0G
#9585000
1*
1Y
1G
#9590000
0G
#9595000
0*
0Y
b1000 0"
b1000010101110001010111010100100100110101001000010000110111111001 -"
b1110000001001101 %"
b1110000001001101 e
b1001101 m
b1001101 /"
b1001101 #"
1G
#9600000
0G
#9605000
1*
1Y
1G
#9610000
0G
#9615000
0*
0Y
b1000 0"
b1000010101110001010111010100100100110101001000010000110111111001 -"
b1110000001001110 %"
b1110000001001110 e
b1001110 m
b1001110 /"
b1001110 #"
1G
#9620000
0G
#9625000
1*
1Y
1G
#9630000
0G
#9635000
0*
0Y
b1000 0"
b1000010101110001010111010100100100110101001000010000110111111001 -"
b1110000001001111 %"
b1110000001001111 e
b1001111 m
b1001111 /"
b1001111 #"
1G
#9640000
0G
#9645000
1*
1Y
1G
#9650000
0G
#9655000
0*
0Y
b1000 0"
b1011110110101001100101011000000101101101010110010100010100110001 -"
b1110000001010000 &"
b1110000001010000 %"
b1110000001010000 e
b1010000 m
b1010000 /"
b1010000 #"
1G
#9660000
0G
#9665000
b1011110110101001100101011000000101101101010110010100010100110001 &
b1011110110101001100101011000000101101101010110010100010100110001 U
1*
1Y
1G
#9670000
0G
#9675000
0*
0Y
b1000 0"
b1011110110101001100101011000000101101101010110010100010100110001 -"
b1110000001010001 %"
b1110000001010001 e
b1010001 m
b1010001 /"
b1010001 #"
1G
#9680000
0G
#9685000
1*
1Y
1G
#9690000
0G
#9695000
0*
0Y
b1000 0"
b1011110110101001100101011000000101101101010110010100010100110001 -"
b1110000001010010 %"
b1110000001010010 e
b1010010 m
b1010010 /"
b1010010 #"
1G
#9700000
0G
#9705000
1*
1Y
1G
#9710000
0G
#9715000
0*
0Y
b1000 0"
b1011110110101001100101011000000101101101010110010100010100110001 -"
b1110000001010011 %"
b1110000001010011 e
b1010011 m
b1010011 /"
b1010011 #"
1G
#9720000
0G
#9725000
1*
1Y
1G
#9730000
0G
#9735000
0*
0Y
b1000 0"
b1011110110101001100101011000000101101101010110010100010100110001 -"
b1110000001010100 %"
b1110000001010100 e
b1010100 m
b1010100 /"
b1010100 #"
1G
#9740000
0G
#9745000
1*
1Y
1G
#9750000
0G
#9755000
0*
0Y
b1000 0"
b1011110110101001100101011000000101101101010110010100010100110001 -"
b1110000001010101 %"
b1110000001010101 e
b1010101 m
b1010101 /"
b1010101 #"
1G
#9760000
0G
#9765000
1*
1Y
1G
#9770000
0G
#9775000
0*
0Y
b1000 0"
b1011110110101001100101011000000101101101010110010100010100110001 -"
b1110000001010110 %"
b1110000001010110 e
b1010110 m
b1010110 /"
b1010110 #"
1G
#9780000
0G
#9785000
1*
1Y
1G
#9790000
0G
#9795000
0*
0Y
b1000 0"
b1011110110101001100101011000000101101101010110010100010100110001 -"
b1110000001010111 %"
b1110000001010111 e
b1010111 m
b1010111 /"
b1010111 #"
1G
#9800000
0G
#9805000
1*
1Y
1G
#9810000
0G
#9815000
0*
0Y
b1000 0"
b1111010111100001110011011011100110100101100100010111110101101001 -"
b1110000001011000 &"
b1110000001011000 %"
b1110000001011000 e
b1011000 m
b1011000 /"
b1011000 #"
1G
#9820000
0G
#9825000
b1111010111100001110011011011100110100101100100010111110101101001 &
b1111010111100001110011011011100110100101100100010111110101101001 U
1*
1Y
1G
#9830000
0G
#9835000
0*
0Y
b1000 0"
b1111010111100001110011011011100110100101100100010111110101101001 -"
b1110000001011001 %"
b1110000001011001 e
b1011001 m
b1011001 /"
b1011001 #"
1G
#9840000
0G
#9845000
1*
1Y
1G
#9850000
0G
#9855000
0*
0Y
b1000 0"
b1111010111100001110011011011100110100101100100010111110101101001 -"
b1110000001011010 %"
b1110000001011010 e
b1011010 m
b1011010 /"
b1011010 #"
1G
#9860000
0G
#9865000
1*
1Y
1G
#9870000
0G
#9875000
0*
0Y
b1000 0"
b1111010111100001110011011011100110100101100100010111110101101001 -"
b1110000001011011 %"
b1110000001011011 e
b1011011 m
b1011011 /"
b1011011 #"
1G
#9880000
0G
#9885000
1*
1Y
1G
#9890000
0G
#9895000
0*
0Y
b1000 0"
b1111010111100001110011011011100110100101100100010111110101101001 -"
b1110000001011100 %"
b1110000001011100 e
b1011100 m
b1011100 /"
b1011100 #"
1G
#9900000
0G
#9905000
1*
1Y
1G
#9910000
0G
#9915000
0*
0Y
b1000 0"
b1111010111100001110011011011100110100101100100010111110101101001 -"
b1110000001011101 %"
b1110000001011101 e
b1011101 m
b1011101 /"
b1011101 #"
1G
#9920000
0G
#9925000
1*
1Y
1G
#9930000
0G
#9935000
0*
0Y
b1000 0"
b1111010111100001110011011011100110100101100100010111110101101001 -"
b1110000001011110 %"
b1110000001011110 e
b1011110 m
b1011110 /"
b1011110 #"
1G
#9940000
0G
#9945000
1*
1Y
1G
#9950000
0G
#9955000
0*
0Y
b1000 0"
b1111010111100001110011011011100110100101100100010111110101101001 -"
b1110000001011111 %"
b1110000001011111 e
b1011111 m
b1011111 /"
b1011111 #"
1G
#9960000
0G
#9965000
1*
1Y
1G
#9970000
0G
#9975000
0*
0Y
b1000 0"
b10110100011001000001011111000111011101110010011011010110100001 -"
b1110000001100000 &"
b1110000001100000 %"
b1110000001100000 e
b1100000 m
b1100000 /"
b1100000 #"
1G
#9980000
0G
#9985000
b10110100011001000001011111000111011101110010011011010110100001 &
b10110100011001000001011111000111011101110010011011010110100001 U
1*
1Y
1G
#9990000
0G
#9995000
0*
0Y
b1000 0"
b10110100011001000001011111000111011101110010011011010110100001 -"
b1110000001100001 %"
b1110000001100001 e
b1100001 m
b1100001 /"
b1100001 #"
1G
#10000000
0G
#10005000
1*
1Y
1G
#10010000
0G
#10015000
0*
0Y
b1000 0"
b10110100011001000001011111000111011101110010011011010110100001 -"
b1110000001100010 %"
b1110000001100010 e
b1100010 m
b1100010 /"
b1100010 #"
1G
#10020000
0G
#10025000
1*
1Y
1G
#10030000
0G
#10035000
0*
0Y
b1000 0"
b10110100011001000001011111000111011101110010011011010110100001 -"
b1110000001100011 %"
b1110000001100011 e
b1100011 m
b1100011 /"
b1100011 #"
1G
#10040000
0G
#10045000
1*
1Y
1G
#10050000
0G
#10055000
0*
0Y
b1000 0"
b10110100011001000001011111000111011101110010011011010110100001 -"
b1110000001100100 %"
b1110000001100100 e
b1100100 m
b1100100 /"
b1100100 #"
1G
#10060000
0G
#10065000
1*
1Y
1G
#10070000
0G
#10075000
0*
0Y
b1000 0"
b10110100011001000001011111000111011101110010011011010110100001 -"
b1110000001100101 %"
b1110000001100101 e
b1100101 m
b1100101 /"
b1100101 #"
1G
#10080000
0G
#10085000
1*
1Y
1G
#10090000
0G
#10095000
0*
0Y
b1000 0"
b10110100011001000001011111000111011101110010011011010110100001 -"
b1110000001100110 %"
b1110000001100110 e
b1100110 m
b1100110 /"
b1100110 #"
1G
#10100000
0G
#10105000
1*
1Y
1G
#10110000
0G
#10115000
0*
0Y
b1000 0"
b10110100011001000001011111000111011101110010011011010110100001 -"
b1110000001100111 %"
b1110000001100111 e
b1100111 m
b1100111 /"
b1100111 #"
1G
#10120000
0G
#10125000
1*
1Y
1G
#10130000
0G
#10135000
0*
0Y
b1000 0"
b110010101010001001111010010100100010101000000011110110111011001 -"
b1110000001101000 &"
b1110000001101000 %"
b1110000001101000 e
b1101000 m
b1101000 /"
b1101000 #"
1G
#10140000
0G
#10145000
b110010101010001001111010010100100010101000000011110110111011001 &
b110010101010001001111010010100100010101000000011110110111011001 U
1*
1Y
1G
#10150000
0G
#10155000
0*
0Y
b1000 0"
b110010101010001001111010010100100010101000000011110110111011001 -"
b1110000001101001 %"
b1110000001101001 e
b1101001 m
b1101001 /"
b1101001 #"
1G
#10160000
0G
#10165000
1*
1Y
1G
#10170000
0G
#10175000
0*
0Y
b1000 0"
b110010101010001001111010010100100010101000000011110110111011001 -"
b1110000001101010 %"
b1110000001101010 e
b1101010 m
b1101010 /"
b1101010 #"
1G
#10180000
0G
#10185000
1*
1Y
1G
#10190000
0G
#10195000
0*
0Y
b1000 0"
b110010101010001001111010010100100010101000000011110110111011001 -"
b1110000001101011 %"
b1110000001101011 e
b1101011 m
b1101011 /"
b1101011 #"
1G
#10200000
0G
#10205000
1*
1Y
1G
#10210000
0G
#10215000
0*
0Y
b1000 0"
b110010101010001001111010010100100010101000000011110110111011001 -"
b1110000001101100 %"
b1110000001101100 e
b1101100 m
b1101100 /"
b1101100 #"
1G
#10220000
0G
#10225000
1*
1Y
1G
#10230000
0G
#10235000
0*
0Y
b1000 0"
b110010101010001001111010010100100010101000000011110110111011001 -"
b1110000001101101 %"
b1110000001101101 e
b1101101 m
b1101101 /"
b1101101 #"
1G
#10240000
0G
#10245000
1*
1Y
1G
#10250000
0G
#10255000
0*
0Y
b1000 0"
b110010101010001001111010010100100010101000000011110110111011001 -"
b1110000001101110 %"
b1110000001101110 e
b1101110 m
b1101110 /"
b1101110 #"
1G
#10260000
0G
#10265000
1*
1Y
1G
#10270000
0G
#10275000
0*
0Y
b1000 0"
b110010101010001001111010010100100010101000000011110110111011001 -"
b1110000001101111 %"
b1110000001101111 e
b1101111 m
b1101111 /"
b1101111 #"
1G
#10280000
0G
#10285000
1*
1Y
1G
#10290000
0G
#10295000
0*
0Y
b1000 0"
b1001110110001001011101010110000101001101001110010010010100010001 -"
b1110000001110000 &"
b1110000001110000 %"
b1110000001110000 e
b1110000 m
b1110000 /"
b1110000 #"
1G
#10300000
0G
#10305000
b1001110110001001011101010110000101001101001110010010010100010001 &
b1001110110001001011101010110000101001101001110010010010100010001 U
1*
1Y
1G
#10310000
0G
#10315000
0*
0Y
b1000 0"
b1001110110001001011101010110000101001101001110010010010100010001 -"
b1110000001110001 %"
b1110000001110001 e
b1110001 m
b1110001 /"
b1110001 #"
1G
#10320000
0G
#10325000
1*
1Y
1G
#10330000
0G
#10335000
0*
0Y
b1000 0"
b1001110110001001011101010110000101001101001110010010010100010001 -"
b1110000001110010 %"
b1110000001110010 e
b1110010 m
b1110010 /"
b1110010 #"
1G
#10340000
0G
#10345000
1*
1Y
1G
#10350000
0G
#10355000
0*
0Y
b1000 0"
b1001110110001001011101010110000101001101001110010010010100010001 -"
b1110000001110011 %"
b1110000001110011 e
b1110011 m
b1110011 /"
b1110011 #"
1G
#10360000
0G
#10365000
1*
1Y
1G
#10370000
0G
#10375000
0*
0Y
b1000 0"
b1001110110001001011101010110000101001101001110010010010100010001 -"
b1110000001110100 %"
b1110000001110100 e
b1110100 m
b1110100 /"
b1110100 #"
1G
#10380000
0G
#10385000
1*
1Y
1G
#10390000
0G
#10395000
0*
0Y
b1000 0"
b1001110110001001011101010110000101001101001110010010010100010001 -"
b1110000001110101 %"
b1110000001110101 e
b1110101 m
b1110101 /"
b1110101 #"
1G
#10400000
0G
#10405000
1*
1Y
1G
#10410000
0G
#10415000
0*
0Y
b1000 0"
b1001110110001001011101010110000101001101001110010010010100010001 -"
b1110000001110110 %"
b1110000001110110 e
b1110110 m
b1110110 /"
b1110110 #"
1G
#10420000
0G
#10425000
1*
1Y
1G
#10430000
0G
#10435000
0*
0Y
b1000 0"
b1001110110001001011101010110000101001101001110010010010100010001 -"
b1110000001110111 %"
b1110000001110111 e
b1110111 m
b1110111 /"
b1110111 #"
1G
#10440000
0G
#10445000
1*
1Y
1G
#10450000
0G
#10455000
0*
0Y
b1000 0"
b1101010111000001101011011001100110000101011100010101110101001001 -"
b1110000001111000 &"
b1110000001111000 %"
b1110000001111000 e
b1111000 m
b1111000 /"
b1111000 #"
1G
#10460000
0G
#10465000
b1101010111000001101011011001100110000101011100010101110101001001 &
b1101010111000001101011011001100110000101011100010101110101001001 U
1*
1Y
1G
#10470000
0G
#10475000
0*
0Y
b1000 0"
b1101010111000001101011011001100110000101011100010101110101001001 -"
b1110000001111001 %"
b1110000001111001 e
b1111001 m
b1111001 /"
b1111001 #"
1G
#10480000
0G
#10485000
1*
1Y
1G
#10490000
0G
#10495000
0*
0Y
b1000 0"
b1101010111000001101011011001100110000101011100010101110101001001 -"
b1110000001111010 %"
b1110000001111010 e
b1111010 m
b1111010 /"
b1111010 #"
1G
#10500000
0G
#10505000
1*
1Y
1G
#10510000
0G
#10515000
0*
0Y
b1000 0"
b1101010111000001101011011001100110000101011100010101110101001001 -"
b1110000001111011 %"
b1110000001111011 e
b1111011 m
b1111011 /"
b1111011 #"
1G
#10520000
0G
#10525000
1*
1Y
1G
#10530000
0G
#10535000
0*
0Y
b1000 0"
b1101010111000001101011011001100110000101011100010101110101001001 -"
b1110000001111100 %"
b1110000001111100 e
b1111100 m
b1111100 /"
b1111100 #"
1G
#10540000
0G
#10545000
1*
1Y
1G
#10550000
0G
#10555000
0*
0Y
b1000 0"
b1101010111000001101011011001100110000101011100010101110101001001 -"
b1110000001111101 %"
b1110000001111101 e
b1111101 m
b1111101 /"
b1111101 #"
1G
#10560000
0G
#10565000
1*
1Y
1G
#10570000
0G
#10575000
0*
0Y
b1000 0"
b1101010111000001101011011001100110000101011100010101110101001001 -"
b1110000001111110 %"
b1110000001111110 e
b1111110 m
b1111110 /"
b1111110 #"
1G
#10580000
0G
#10585000
1*
1Y
1G
#10590000
0G
#10595000
0*
0Y
b1000 0"
b1101010111000001101011011001100110000101011100010101110101001001 -"
b1110000001111111 %"
b1110000001111111 e
b1111111 m
b1111111 /"
b1111111 #"
1G
#10600000
0G
#10605000
1*
1Y
1G
#10610000
0G
#10615000
0*
0Y
b1000 0"
b110111111001111001011101000110111101101010011001010110000001 -"
b1110000010000000 &"
b1110000010000000 %"
b1110000010000000 e
b10000000 m
b10000000 /"
b10000000 #"
1G
#10620000
0G
#10625000
b110111111001111001011101000110111101101010011001010110000001 &
b110111111001111001011101000110111101101010011001010110000001 U
1*
1Y
1G
#10630000
0G
#10635000
0*
0Y
b1000 0"
b110111111001111001011101000110111101101010011001010110000001 -"
b1110000010000001 %"
b1110000010000001 e
b10000001 m
b10000001 /"
b10000001 #"
1G
#10640000
0G
#10645000
1*
1Y
1G
#10650000
0G
#10655000
0*
0Y
b1000 0"
b110111111001111001011101000110111101101010011001010110000001 -"
b1110000010000010 %"
b1110000010000010 e
b10000010 m
b10000010 /"
b10000010 #"
1G
#10660000
0G
#10665000
1*
1Y
1G
#10670000
0G
#10675000
0*
0Y
b1000 0"
b110111111001111001011101000110111101101010011001010110000001 -"
b1110000010000011 %"
b1110000010000011 e
b10000011 m
b10000011 /"
b10000011 #"
1G
#10680000
0G
#10685000
1*
1Y
1G
#10690000
0G
#10695000
0*
0Y
b1000 0"
b110111111001111001011101000110111101101010011001010110000001 -"
b1110000010000100 %"
b1110000010000100 e
b10000100 m
b10000100 /"
b10000100 #"
1G
#10700000
0G
#10705000
1*
1Y
1G
#10710000
0G
#10715000
0*
0Y
b1000 0"
b110111111001111001011101000110111101101010011001010110000001 -"
b1110000010000101 %"
b1110000010000101 e
b10000101 m
b10000101 /"
b10000101 #"
1G
#10720000
0G
#10725000
1*
1Y
1G
#10730000
0G
#10735000
0*
0Y
b1000 0"
b110111111001111001011101000110111101101010011001010110000001 -"
b1110000010000110 %"
b1110000010000110 e
b10000110 m
b10000110 /"
b10000110 #"
1G
#10740000
0G
#10745000
1*
1Y
1G
#10750000
0G
#10755000
0*
0Y
b1000 0"
b110111111001111001011101000110111101101010011001010110000001 -"
b1110000010000111 %"
b1110000010000111 e
b10000111 m
b10000111 /"
b10000111 #"
1G
#10760000
0G
#10765000
1*
1Y
1G
#10770000
0G
#10775000
0*
0Y
b1000 0"
b100010100110001000111010000100111110101111000011100110110111001 -"
b1110000010001000 &"
b1110000010001000 %"
b1110000010001000 e
b10001000 m
b10001000 /"
b10001000 #"
1G
#10780000
0G
#10785000
b100010100110001000111010000100111110101111000011100110110111001 &
b100010100110001000111010000100111110101111000011100110110111001 U
1*
1Y
1G
#10790000
0G
#10795000
0*
0Y
b1000 0"
b100010100110001000111010000100111110101111000011100110110111001 -"
b1110000010001001 %"
b1110000010001001 e
b10001001 m
b10001001 /"
b10001001 #"
1G
#10800000
0G
#10805000
1*
1Y
1G
#10810000
0G
#10815000
0*
0Y
b1000 0"
b100010100110001000111010000100111110101111000011100110110111001 -"
b1110000010001010 %"
b1110000010001010 e
b10001010 m
b10001010 /"
b10001010 #"
1G
#10820000
0G
#10825000
1*
1Y
1G
#10830000
0G
#10835000
0*
0Y
b1000 0"
b100010100110001000111010000100111110101111000011100110110111001 -"
b1110000010001011 %"
b1110000010001011 e
b10001011 m
b10001011 /"
b10001011 #"
1G
#10840000
0G
#10845000
1*
1Y
1G
#10850000
0G
#10855000
0*
0Y
b1000 0"
b100010100110001000111010000100111110101111000011100110110111001 -"
b1110000010001100 %"
b1110000010001100 e
b10001100 m
b10001100 /"
b10001100 #"
1G
#10860000
0G
#10865000
1*
1Y
1G
#10870000
0G
#10875000
0*
0Y
b1000 0"
b100010100110001000111010000100111110101111000011100110110111001 -"
b1110000010001101 %"
b1110000010001101 e
b10001101 m
b10001101 /"
b10001101 #"
1G
#10880000
0G
#10885000
1*
1Y
1G
#10890000
0G
#10895000
0*
0Y
b1000 0"
b100010100110001000111010000100111110101111000011100110110111001 -"
b1110000010001110 %"
b1110000010001110 e
b10001110 m
b10001110 /"
b10001110 #"
1G
#10900000
0G
#10905000
1*
1Y
1G
#10910000
0G
#10915000
0*
0Y
b1000 0"
b100010100110001000111010000100111110101111000011100110110111001 -"
b1110000010001111 %"
b1110000010001111 e
b10001111 m
b10001111 /"
b10001111 #"
1G
#10920000
0G
#10925000
1*
1Y
1G
#10930000
0G
#10935000
0*
0Y
b1000 0"
b111110101101001010101010100000100101101000110010000010111110001 -"
b1110000010010000 &"
b1110000010010000 %"
b1110000010010000 e
b10010000 m
b10010000 /"
b10010000 #"
1G
#10940000
0G
#10945000
b111110101101001010101010100000100101101000110010000010111110001 &
b111110101101001010101010100000100101101000110010000010111110001 U
1*
1Y
1G
#10950000
0G
#10955000
0*
0Y
b1000 0"
b111110101101001010101010100000100101101000110010000010111110001 -"
b1110000010010001 %"
b1110000010010001 e
b10010001 m
b10010001 /"
b10010001 #"
1G
#10960000
0G
#10965000
1*
1Y
1G
#10970000
0G
#10975000
0*
0Y
b1000 0"
b111110101101001010101010100000100101101000110010000010111110001 -"
b1110000010010010 %"
b1110000010010010 e
b10010010 m
b10010010 /"
b10010010 #"
1G
#10980000
0G
#10985000
1*
1Y
1G
#10990000
0G
#10995000
0*
0Y
b1000 0"
b111110101101001010101010100000100101101000110010000010111110001 -"
b1110000010010011 %"
b1110000010010011 e
b10010011 m
b10010011 /"
b10010011 #"
1G
#11000000
0G
#11005000
1*
1Y
1G
#11010000
0G
#11015000
0*
0Y
b1000 0"
b111110101101001010101010100000100101101000110010000010111110001 -"
b1110000010010100 %"
b1110000010010100 e
b10010100 m
b10010100 /"
b10010100 #"
1G
#11020000
0G
#11025000
1*
1Y
1G
#11030000
0G
#11035000
0*
0Y
b1000 0"
b111110101101001010101010100000100101101000110010000010111110001 -"
b1110000010010101 %"
b1110000010010101 e
b10010101 m
b10010101 /"
b10010101 #"
1G
#11040000
0G
#11045000
1*
1Y
1G
#11050000
0G
#11055000
0*
0Y
b1000 0"
b111110101101001010101010100000100101101000110010000010111110001 -"
b1110000010010110 %"
b1110000010010110 e
b10010110 m
b10010110 /"
b10010110 #"
1G
#11060000
0G
#11065000
1*
1Y
1G
#11070000
0G
#11075000
0*
0Y
b1000 0"
b111110101101001010101010100000100101101000110010000010111110001 -"
b1110000010010111 %"
b1110000010010111 e
b10010111 m
b10010111 /"
b10010111 #"
1G
#11080000
0G
#11085000
1*
1Y
1G
#11090000
0G
#11095000
0*
0Y
b1000 0"
b1011010110100001100011010111100101100101010100010011110100101001 -"
b1110000010011000 &"
b1110000010011000 %"
b1110000010011000 e
b10011000 m
b10011000 /"
b10011000 #"
1G
#11100000
0G
#11105000
b1011010110100001100011010111100101100101010100010011110100101001 &
b1011010110100001100011010111100101100101010100010011110100101001 U
1*
1Y
1G
#11110000
0G
#11115000
0*
0Y
b1000 0"
b1011010110100001100011010111100101100101010100010011110100101001 -"
b1110000010011001 %"
b1110000010011001 e
b10011001 m
b10011001 /"
b10011001 #"
1G
#11120000
0G
#11125000
1*
1Y
1G
#11130000
0G
#11135000
0*
0Y
b1000 0"
b1011010110100001100011010111100101100101010100010011110100101001 -"
b1110000010011010 %"
b1110000010011010 e
b10011010 m
b10011010 /"
b10011010 #"
1G
#11140000
0G
#11145000
1*
1Y
1G
#11150000
0G
#11155000
0*
0Y
b1000 0"
b1011010110100001100011010111100101100101010100010011110100101001 -"
b1110000010011011 %"
b1110000010011011 e
b10011011 m
b10011011 /"
b10011011 #"
1G
#11160000
0G
#11165000
1*
1Y
1G
#11170000
0G
#11175000
0*
0Y
b1000 0"
b1011010110100001100011010111100101100101010100010011110100101001 -"
b1110000010011100 %"
b1110000010011100 e
b10011100 m
b10011100 /"
b10011100 #"
1G
#11180000
0G
#11185000
1*
1Y
1G
#11190000
0G
#11195000
0*
0Y
b1000 0"
b1011010110100001100011010111100101100101010100010011110100101001 -"
b1110000010011101 %"
b1110000010011101 e
b10011101 m
b10011101 /"
b10011101 #"
1G
#11200000
0G
#11205000
1*
1Y
1G
#11210000
0G
#11215000
0*
0Y
b1000 0"
b1011010110100001100011010111100101100101010100010011110100101001 -"
b1110000010011110 %"
b1110000010011110 e
b10011110 m
b10011110 /"
b10011110 #"
1G
#11220000
0G
#11225000
1*
1Y
1G
#11230000
0G
#11235000
0*
0Y
b1000 0"
b1011010110100001100011010111100101100101010100010011110100101001 -"
b1110000010011111 %"
b1110000010011111 e
b10011111 m
b10011111 /"
b10011111 #"
1G
#11240000
0G
#11245000
1*
1Y
1G
#11250000
0G
#11255000
0*
0Y
b1000 0"
b1110110111011001110001011011000110011101100010010111010101100001 -"
b1110000010100000 &"
b1110000010100000 %"
b1110000010100000 e
b10100000 m
b10100000 /"
b10100000 #"
1G
#11260000
0G
#11265000
b1110110111011001110001011011000110011101100010010111010101100001 &
b1110110111011001110001011011000110011101100010010111010101100001 U
1*
1Y
1G
#11270000
0G
#11275000
0*
0Y
b1000 0"
b1110110111011001110001011011000110011101100010010111010101100001 -"
b1110000010100001 %"
b1110000010100001 e
b10100001 m
b10100001 /"
b10100001 #"
1G
#11280000
0G
#11285000
1*
1Y
1G
#11290000
0G
#11295000
0*
0Y
b1000 0"
b1110110111011001110001011011000110011101100010010111010101100001 -"
b1110000010100010 %"
b1110000010100010 e
b10100010 m
b10100010 /"
b10100010 #"
1G
#11300000
0G
#11305000
1*
1Y
1G
#11310000
0G
#11315000
0*
0Y
b1000 0"
b1110110111011001110001011011000110011101100010010111010101100001 -"
b1110000010100011 %"
b1110000010100011 e
b10100011 m
b10100011 /"
b10100011 #"
1G
#11320000
0G
#11325000
1*
1Y
1G
#11330000
0G
#11335000
0*
0Y
b1000 0"
b1110110111011001110001011011000110011101100010010111010101100001 -"
b1110000010100100 %"
b1110000010100100 e
b10100100 m
b10100100 /"
b10100100 #"
1G
#11340000
0G
#11345000
1*
1Y
1G
#11350000
0G
#11355000
0*
0Y
b1000 0"
b1110110111011001110001011011000110011101100010010111010101100001 -"
b1110000010100101 %"
b1110000010100101 e
b10100101 m
b10100101 /"
b10100101 #"
1G
#11360000
0G
#11365000
1*
1Y
1G
#11370000
0G
#11375000
0*
0Y
b1000 0"
b1110110111011001110001011011000110011101100010010111010101100001 -"
b1110000010100110 %"
b1110000010100110 e
b10100110 m
b10100110 /"
b10100110 #"
1G
#11380000
0G
#11385000
1*
1Y
1G
#11390000
0G
#11395000
0*
0Y
b1000 0"
b1110110111011001110001011011000110011101100010010111010101100001 -"
b1110000010100111 %"
b1110000010100111 e
b10100111 m
b10100111 /"
b10100111 #"
1G
#11400000
0G
#11405000
1*
1Y
1G
#11410000
0G
#11415000
0*
0Y
b1000 0"
b10010100010001111111011110100111010101110000011010110110011001 -"
b1110000010101000 &"
b1110000010101000 %"
b1110000010101000 e
b10101000 m
b10101000 /"
b10101000 #"
1G
#11420000
0G
#11425000
b10010100010001111111011110100111010101110000011010110110011001 &
b10010100010001111111011110100111010101110000011010110110011001 U
1*
1Y
1G
#11430000
0G
#11435000
0*
0Y
b1000 0"
b10010100010001111111011110100111010101110000011010110110011001 -"
b1110000010101001 %"
b1110000010101001 e
b10101001 m
b10101001 /"
b10101001 #"
1G
#11440000
0G
#11445000
1*
1Y
1G
#11450000
0G
#11455000
0*
0Y
b1000 0"
b10010100010001111111011110100111010101110000011010110110011001 -"
b1110000010101010 %"
b1110000010101010 e
b10101010 m
b10101010 /"
b10101010 #"
1G
#11460000
0G
#11465000
1*
1Y
1G
#11470000
0G
#11475000
0*
0Y
b1000 0"
b10010100010001111111011110100111010101110000011010110110011001 -"
b1110000010101011 %"
b1110000010101011 e
b10101011 m
b10101011 /"
b10101011 #"
1G
#11480000
0G
#11485000
1*
1Y
1G
#11490000
0G
#11495000
0*
0Y
b1000 0"
b10010100010001111111011110100111010101110000011010110110011001 -"
b1110000010101100 %"
b1110000010101100 e
b10101100 m
b10101100 /"
b10101100 #"
1G
#11500000
0G
#11505000
1*
1Y
1G
#11510000
0G
#11515000
0*
0Y
b1000 0"
b10010100010001111111011110100111010101110000011010110110011001 -"
b1110000010101101 %"
b1110000010101101 e
b10101101 m
b10101101 /"
b10101101 #"
1G
#11520000
0G
#11525000
1*
1Y
1G
#11530000
0G
#11535000
0*
0Y
b1000 0"
b10010100010001111111011110100111010101110000011010110110011001 -"
b1110000010101110 %"
b1110000010101110 e
b10101110 m
b10101110 /"
b10101110 #"
1G
#11540000
0G
#11545000
1*
1Y
1G
#11550000
0G
#11555000
0*
0Y
b1000 0"
b10010100010001111111011110100111010101110000011010110110011001 -"
b1110000010101111 %"
b1110000010101111 e
b10101111 m
b10101111 /"
b10101111 #"
1G
#11560000
0G
#11565000
1*
1Y
1G
#11570000
0G
#11575000
0*
0Y
b1000 0"
b101110101001001001101010010000100001101111110011110010111010001 -"
b1110000010110000 &"
b1110000010110000 %"
b1110000010110000 e
b10110000 m
b10110000 /"
b10110000 #"
1G
#11580000
0G
#11585000
b101110101001001001101010010000100001101111110011110010111010001 &
b101110101001001001101010010000100001101111110011110010111010001 U
1*
1Y
1G
#11590000
0G
#11595000
0*
0Y
b1000 0"
b101110101001001001101010010000100001101111110011110010111010001 -"
b1110000010110001 %"
b1110000010110001 e
b10110001 m
b10110001 /"
b10110001 #"
1G
#11600000
0G
#11605000
1*
1Y
1G
#11610000
0G
#11615000
0*
0Y
b1000 0"
b101110101001001001101010010000100001101111110011110010111010001 -"
b1110000010110010 %"
b1110000010110010 e
b10110010 m
b10110010 /"
b10110010 #"
1G
#11620000
0G
#11625000
1*
1Y
1G
#11630000
0G
#11635000
0*
0Y
b1000 0"
b101110101001001001101010010000100001101111110011110010111010001 -"
b1110000010110011 %"
b1110000010110011 e
b10110011 m
b10110011 /"
b10110011 #"
1G
#11640000
0G
#11645000
1*
1Y
1G
#11650000
0G
#11655000
0*
0Y
b1000 0"
b101110101001001001101010010000100001101111110011110010111010001 -"
b1110000010110100 %"
b1110000010110100 e
b10110100 m
b10110100 /"
b10110100 #"
1G
#11660000
0G
#11665000
1*
1Y
1G
#11670000
0G
#11675000
0*
0Y
b1000 0"
b101110101001001001101010010000100001101111110011110010111010001 -"
b1110000010110101 %"
b1110000010110101 e
b10110101 m
b10110101 /"
b10110101 #"
1G
#11680000
0G
#11685000
1*
1Y
1G
#11690000
0G
#11695000
0*
0Y
b1000 0"
b101110101001001001101010010000100001101111110011110010111010001 -"
b1110000010110110 %"
b1110000010110110 e
b10110110 m
b10110110 /"
b10110110 #"
1G
#11700000
0G
#11705000
1*
1Y
1G
#11710000
0G
#11715000
0*
0Y
b1000 0"
b101110101001001001101010010000100001101111110011110010111010001 -"
b1110000010110111 %"
b1110000010110111 e
b10110111 m
b10110111 /"
b10110111 #"
1G
#11720000
0G
#11725000
1*
1Y
1G
#11730000
0G
#11735000
0*
0Y
b1000 0"
b1001010110000001011011010101100101000101001100010001110100001001 -"
b1110000010111000 &"
b1110000010111000 %"
b1110000010111000 e
b10111000 m
b10111000 /"
b10111000 #"
1G
#11740000
0G
#11745000
b1001010110000001011011010101100101000101001100010001110100001001 &
b1001010110000001011011010101100101000101001100010001110100001001 U
1*
1Y
1G
#11750000
0G
#11755000
0*
0Y
b1000 0"
b1001010110000001011011010101100101000101001100010001110100001001 -"
b1110000010111001 %"
b1110000010111001 e
b10111001 m
b10111001 /"
b10111001 #"
1G
#11760000
0G
#11765000
1*
1Y
1G
#11770000
0G
#11775000
0*
0Y
b1000 0"
b1001010110000001011011010101100101000101001100010001110100001001 -"
b1110000010111010 %"
b1110000010111010 e
b10111010 m
b10111010 /"
b10111010 #"
1G
#11780000
0G
#11785000
1*
1Y
1G
#11790000
0G
#11795000
0*
0Y
b1000 0"
b1001010110000001011011010101100101000101001100010001110100001001 -"
b1110000010111011 %"
b1110000010111011 e
b10111011 m
b10111011 /"
b10111011 #"
1G
#11800000
0G
#11805000
1*
1Y
1G
#11810000
0G
#11815000
0*
0Y
b1000 0"
b1001010110000001011011010101100101000101001100010001110100001001 -"
b1110000010111100 %"
b1110000010111100 e
b10111100 m
b10111100 /"
b10111100 #"
1G
#11820000
0G
#11825000
1*
1Y
1G
#11830000
0G
#11835000
0*
0Y
b1000 0"
b1001010110000001011011010101100101000101001100010001110100001001 -"
b1110000010111101 %"
b1110000010111101 e
b10111101 m
b10111101 /"
b10111101 #"
1G
#11840000
0G
#11845000
1*
1Y
1G
#11850000
0G
#11855000
0*
0Y
b1000 0"
b1001010110000001011011010101100101000101001100010001110100001001 -"
b1110000010111110 %"
b1110000010111110 e
b10111110 m
b10111110 /"
b10111110 #"
1G
#11860000
0G
#11865000
1*
1Y
1G
#11870000
0G
#11875000
0*
0Y
b1000 0"
b1001010110000001011011010101100101000101001100010001110100001001 -"
b1110000010111111 %"
b1110000010111111 e
b10111111 m
b10111111 /"
b10111111 #"
1G
#11880000
0G
#11885000
1*
1Y
1G
#11890000
0G
#11895000
0*
0Y
b1000 0"
b1100110110111001101001011001000101111101011010010101010101000001 -"
b1110000011000000 &"
b1110000011000000 %"
b1110000011000000 e
b11000000 m
b11000000 /"
b11000000 #"
1G
#11900000
0G
#11905000
b1100110110111001101001011001000101111101011010010101010101000001 &
b1100110110111001101001011001000101111101011010010101010101000001 U
1*
1Y
1G
#11910000
0G
#11915000
0*
0Y
b1000 0"
b1100110110111001101001011001000101111101011010010101010101000001 -"
b1110000011000001 %"
b1110000011000001 e
b11000001 m
b11000001 /"
b11000001 #"
1G
#11920000
0G
#11925000
1*
1Y
1G
#11930000
0G
#11935000
0*
0Y
b1000 0"
b1100110110111001101001011001000101111101011010010101010101000001 -"
b1110000011000010 %"
b1110000011000010 e
b11000010 m
b11000010 /"
b11000010 #"
1G
#11940000
0G
#11945000
1*
1Y
1G
#11950000
0G
#11955000
0*
0Y
b1000 0"
b1100110110111001101001011001000101111101011010010101010101000001 -"
b1110000011000011 %"
b1110000011000011 e
b11000011 m
b11000011 /"
b11000011 #"
1G
#11960000
0G
#11965000
1*
1Y
1G
#11970000
0G
#11975000
0*
0Y
b1000 0"
b1100110110111001101001011001000101111101011010010101010101000001 -"
b1110000011000100 %"
b1110000011000100 e
b11000100 m
b11000100 /"
b11000100 #"
1G
#11980000
0G
#11985000
1*
1Y
1G
#11990000
0G
#11995000
0*
0Y
b1000 0"
b1100110110111001101001011001000101111101011010010101010101000001 -"
b1110000011000101 %"
b1110000011000101 e
b11000101 m
b11000101 /"
b11000101 #"
1G
#12000000
0G
#12005000
1*
1Y
1G
#12010000
0G
#12015000
0*
0Y
b1000 0"
b1100110110111001101001011001000101111101011010010101010101000001 -"
b1110000011000110 %"
b1110000011000110 e
b11000110 m
b11000110 /"
b11000110 #"
1G
#12020000
0G
#12025000
1*
1Y
1G
#12030000
0G
#12035000
0*
0Y
b1000 0"
b1100110110111001101001011001000101111101011010010101010101000001 -"
b1110000011000111 %"
b1110000011000111 e
b11000111 m
b11000111 /"
b11000111 #"
1G
#12040000
0G
#12045000
1*
1Y
1G
#12050000
0G
#12055000
0*
0Y
b1000 0"
b10111110001110111011100100110110101101000011000110101111001 -"
b1110000011001000 &"
b1110000011001000 %"
b1110000011001000 e
b11001000 m
b11001000 /"
b11001000 #"
1G
#12060000
0G
#12065000
b10111110001110111011100100110110101101000011000110101111001 &
b10111110001110111011100100110110101101000011000110101111001 U
1*
1Y
1G
#12070000
0G
#12075000
0*
0Y
b1000 0"
b10111110001110111011100100110110101101000011000110101111001 -"
b1110000011001001 %"
b1110000011001001 e
b11001001 m
b11001001 /"
b11001001 #"
1G
#12080000
0G
#12085000
1*
1Y
1G
#12090000
0G
#12095000
0*
0Y
b1000 0"
b10111110001110111011100100110110101101000011000110101111001 -"
b1110000011001010 %"
b1110000011001010 e
b11001010 m
b11001010 /"
b11001010 #"
1G
#12100000
0G
#12105000
1*
1Y
1G
#12110000
0G
#12115000
0*
0Y
b1000 0"
b10111110001110111011100100110110101101000011000110101111001 -"
b1110000011001011 %"
b1110000011001011 e
b11001011 m
b11001011 /"
b11001011 #"
1G
#12120000
0G
#12125000
1*
1Y
1G
#12130000
0G
#12135000
0*
0Y
b1000 0"
b10111110001110111011100100110110101101000011000110101111001 -"
b1110000011001100 %"
b1110000011001100 e
b11001100 m
b11001100 /"
b11001100 #"
1G
#12140000
0G
#12145000
1*
1Y
1G
#12150000
0G
#12155000
0*
0Y
b1000 0"
b10111110001110111011100100110110101101000011000110101111001 -"
b1110000011001101 %"
b1110000011001101 e
b11001101 m
b11001101 /"
b11001101 #"
1G
#12160000
0G
#12165000
1*
1Y
1G
#12170000
0G
#12175000
0*
0Y
b1000 0"
b10111110001110111011100100110110101101000011000110101111001 -"
b1110000011001110 %"
b1110000011001110 e
b11001110 m
b11001110 /"
b11001110 #"
1G
#12180000
0G
#12185000
1*
1Y
1G
#12190000
0G
#12195000
0*
0Y
b1000 0"
b10111110001110111011100100110110101101000011000110101111001 -"
b1110000011001111 %"
b1110000011001111 e
b11001111 m
b11001111 /"
b11001111 #"
1G
#12200000
0G
#12205000
1*
1Y
1G
#12210000
0G
#12215000
0*
0Y
b1000 0"
b11110100101001000101010000000111101101110110011100010110110001 -"
b1110000011010000 &"
b1110000011010000 %"
b1110000011010000 e
b11010000 m
b11010000 /"
b11010000 #"
1G
#12220000
0G
#12225000
b11110100101001000101010000000111101101110110011100010110110001 &
b11110100101001000101010000000111101101110110011100010110110001 U
1*
1Y
1G
#12230000
0G
#12235000
0*
0Y
b1000 0"
b11110100101001000101010000000111101101110110011100010110110001 -"
b1110000011010001 %"
b1110000011010001 e
b11010001 m
b11010001 /"
b11010001 #"
1G
#12240000
0G
#12245000
1*
1Y
1G
#12250000
0G
#12255000
0*
0Y
b1000 0"
b11110100101001000101010000000111101101110110011100010110110001 -"
b1110000011010010 %"
b1110000011010010 e
b11010010 m
b11010010 /"
b11010010 #"
1G
#12260000
0G
#12265000
1*
1Y
1G
#12270000
0G
#12275000
0*
0Y
b1000 0"
b11110100101001000101010000000111101101110110011100010110110001 -"
b1110000011010011 %"
b1110000011010011 e
b11010011 m
b11010011 /"
b11010011 #"
1G
#12280000
0G
#12285000
1*
1Y
1G
#12290000
0G
#12295000
0*
0Y
b1000 0"
b11110100101001000101010000000111101101110110011100010110110001 -"
b1110000011010100 %"
b1110000011010100 e
b11010100 m
b11010100 /"
b11010100 #"
1G
#12300000
0G
#12305000
1*
1Y
1G
#12310000
0G
#12315000
0*
0Y
b1000 0"
b11110100101001000101010000000111101101110110011100010110110001 -"
b1110000011010101 %"
b1110000011010101 e
b11010101 m
b11010101 /"
b11010101 #"
1G
#12320000
0G
#12325000
1*
1Y
1G
#12330000
0G
#12335000
0*
0Y
b1000 0"
b11110100101001000101010000000111101101110110011100010110110001 -"
b1110000011010110 %"
b1110000011010110 e
b11010110 m
b11010110 /"
b11010110 #"
1G
#12340000
0G
#12345000
1*
1Y
1G
#12350000
0G
#12355000
0*
0Y
b1000 0"
b11110100101001000101010000000111101101110110011100010110110001 -"
b1110000011010111 %"
b1110000011010111 e
b11010111 m
b11010111 /"
b11010111 #"
1G
#12360000
0G
#12365000
1*
1Y
1G
#12370000
0G
#12375000
0*
0Y
b1000 0"
b111010101100001010011010011100100100101000100011111110111101001 -"
b1110000011011000 &"
b1110000011011000 %"
b1110000011011000 e
b11011000 m
b11011000 /"
b11011000 #"
1G
#12380000
0G
#12385000
b111010101100001010011010011100100100101000100011111110111101001 &
b111010101100001010011010011100100100101000100011111110111101001 U
1*
1Y
1G
#12390000
0G
#12395000
0*
0Y
b1000 0"
b111010101100001010011010011100100100101000100011111110111101001 -"
b1110000011011001 %"
b1110000011011001 e
b11011001 m
b11011001 /"
b11011001 #"
1G
#12400000
0G
#12405000
1*
1Y
1G
#12410000
0G
#12415000
0*
0Y
b1000 0"
b111010101100001010011010011100100100101000100011111110111101001 -"
b1110000011011010 %"
b1110000011011010 e
b11011010 m
b11011010 /"
b11011010 #"
1G
#12420000
0G
#12425000
1*
1Y
1G
#12430000
0G
#12435000
0*
0Y
b1000 0"
b111010101100001010011010011100100100101000100011111110111101001 -"
b1110000011011011 %"
b1110000011011011 e
b11011011 m
b11011011 /"
b11011011 #"
1G
#12440000
0G
#12445000
1*
1Y
1G
#12450000
0G
#12455000
0*
0Y
b1000 0"
b111010101100001010011010011100100100101000100011111110111101001 -"
b1110000011011100 %"
b1110000011011100 e
b11011100 m
b11011100 /"
b11011100 #"
1G
#12460000
0G
#12465000
1*
1Y
1G
#12470000
0G
#12475000
0*
0Y
b1000 0"
b111010101100001010011010011100100100101000100011111110111101001 -"
b1110000011011101 %"
b1110000011011101 e
b11011101 m
b11011101 /"
b11011101 #"
1G
#12480000
0G
#12485000
1*
1Y
1G
#12490000
0G
#12495000
0*
0Y
b1000 0"
b111010101100001010011010011100100100101000100011111110111101001 -"
b1110000011011110 %"
b1110000011011110 e
b11011110 m
b11011110 /"
b11011110 #"
1G
#12500000
0G
#12505000
1*
1Y
1G
#12510000
0G
#12515000
0*
0Y
b1000 0"
b111010101100001010011010011100100100101000100011111110111101001 -"
b1110000011011111 %"
b1110000011011111 e
b11011111 m
b11011111 /"
b11011111 #"
1G
#12520000
0G
#12525000
1*
1Y
1G
#12530000
0G
#12535000
0*
0Y
b1000 0"
b1010110110011001100001010111000101011101010010010011010100100001 -"
b1110000011100000 &"
b1110000011100000 %"
b1110000011100000 e
b11100000 m
b11100000 /"
b11100000 #"
1G
#12540000
0G
#12545000
b1010110110011001100001010111000101011101010010010011010100100001 &
b1010110110011001100001010111000101011101010010010011010100100001 U
1*
1Y
1G
#12550000
0G
#12555000
0*
0Y
b1000 0"
b1010110110011001100001010111000101011101010010010011010100100001 -"
b1110000011100001 %"
b1110000011100001 e
b11100001 m
b11100001 /"
b11100001 #"
1G
#12560000
0G
#12565000
1*
1Y
1G
#12570000
0G
#12575000
0*
0Y
b1000 0"
b1010110110011001100001010111000101011101010010010011010100100001 -"
b1110000011100010 %"
b1110000011100010 e
b11100010 m
b11100010 /"
b11100010 #"
1G
#12580000
0G
#12585000
1*
1Y
1G
#12590000
0G
#12595000
0*
0Y
b1000 0"
b1010110110011001100001010111000101011101010010010011010100100001 -"
b1110000011100011 %"
b1110000011100011 e
b11100011 m
b11100011 /"
b11100011 #"
1G
#12600000
0G
#12605000
1*
1Y
1G
#12610000
0G
#12615000
0*
0Y
b1000 0"
b1010110110011001100001010111000101011101010010010011010100100001 -"
b1110000011100100 %"
b1110000011100100 e
b11100100 m
b11100100 /"
b11100100 #"
1G
#12620000
0G
#12625000
1*
1Y
1G
#12630000
0G
#12635000
0*
0Y
b1000 0"
b1010110110011001100001010111000101011101010010010011010100100001 -"
b1110000011100101 %"
b1110000011100101 e
b11100101 m
b11100101 /"
b11100101 #"
1G
#12640000
0G
#12645000
1*
1Y
1G
#12650000
0G
#12655000
0*
0Y
b1000 0"
b1010110110011001100001010111000101011101010010010011010100100001 -"
b1110000011100110 %"
b1110000011100110 e
b11100110 m
b11100110 /"
b11100110 #"
1G
#12660000
0G
#12665000
1*
1Y
1G
#12670000
0G
#12675000
0*
0Y
b1000 0"
b1010110110011001100001010111000101011101010010010011010100100001 -"
b1110000011100111 %"
b1110000011100111 e
b11100111 m
b11100111 /"
b11100111 #"
1G
#12680000
0G
#12685000
1*
1Y
1G
#12690000
0G
#12695000
0*
0Y
b1000 0"
b1110010111010001101111011010100110010101100000010110110101011001 -"
b1110000011101000 &"
b1110000011101000 %"
b1110000011101000 e
b11101000 m
b11101000 /"
b11101000 #"
1G
#12700000
0G
#12705000
b1110010111010001101111011010100110010101100000010110110101011001 &
b1110010111010001101111011010100110010101100000010110110101011001 U
1*
1Y
1G
#12710000
0G
#12715000
0*
0Y
b1000 0"
b1110010111010001101111011010100110010101100000010110110101011001 -"
b1110000011101001 %"
b1110000011101001 e
b11101001 m
b11101001 /"
b11101001 #"
1G
#12720000
0G
#12725000
1*
1Y
1G
#12730000
0G
#12735000
0*
0Y
b1000 0"
b1110010111010001101111011010100110010101100000010110110101011001 -"
b1110000011101010 %"
b1110000011101010 e
b11101010 m
b11101010 /"
b11101010 #"
1G
#12740000
0G
#12745000
1*
1Y
1G
#12750000
0G
#12755000
0*
0Y
b1000 0"
b1110010111010001101111011010100110010101100000010110110101011001 -"
b1110000011101011 %"
b1110000011101011 e
b11101011 m
b11101011 /"
b11101011 #"
1G
#12760000
0G
#12765000
1*
1Y
1G
#12770000
0G
#12775000
0*
0Y
b1000 0"
b1110010111010001101111011010100110010101100000010110110101011001 -"
b1110000011101100 %"
b1110000011101100 e
b11101100 m
b11101100 /"
b11101100 #"
1G
#12780000
0G
#12785000
1*
1Y
1G
#12790000
0G
#12795000
0*
0Y
b1000 0"
b1110010111010001101111011010100110010101100000010110110101011001 -"
b1110000011101101 %"
b1110000011101101 e
b11101101 m
b11101101 /"
b11101101 #"
1G
#12800000
0G
#12805000
1*
1Y
1G
#12810000
0G
#12815000
0*
0Y
b1000 0"
b1110010111010001101111011010100110010101100000010110110101011001 -"
b1110000011101110 %"
b1110000011101110 e
b11101110 m
b11101110 /"
b11101110 #"
1G
#12820000
0G
#12825000
1*
1Y
1G
#12830000
0G
#12835000
0*
0Y
b1000 0"
b1110010111010001101111011010100110010101100000010110110101011001 -"
b1110000011101111 %"
b1110000011101111 e
b11101111 m
b11101111 /"
b11101111 #"
1G
#12840000
0G
#12845000
1*
1Y
1G
#12850000
0G
#12855000
0*
0Y
b1000 0"
b1110100001001111101011110000111001101101110011010010110010001 -"
b1110000011110000 &"
b1110000011110000 %"
b1110000011110000 e
b11110000 m
b11110000 /"
b11110000 #"
1G
#12860000
0G
#12865000
b1110100001001111101011110000111001101101110011010010110010001 &
b1110100001001111101011110000111001101101110011010010110010001 U
1*
1Y
1G
#12870000
0G
#12875000
0*
0Y
b1000 0"
b1110100001001111101011110000111001101101110011010010110010001 -"
b1110000011110001 %"
b1110000011110001 e
b11110001 m
b11110001 /"
b11110001 #"
1G
#12880000
0G
#12885000
1*
1Y
1G
#12890000
0G
#12895000
0*
0Y
b1000 0"
b1110100001001111101011110000111001101101110011010010110010001 -"
b1110000011110010 %"
b1110000011110010 e
b11110010 m
b11110010 /"
b11110010 #"
1G
#12900000
0G
#12905000
1*
1Y
1G
#12910000
0G
#12915000
0*
0Y
b1000 0"
b1110100001001111101011110000111001101101110011010010110010001 -"
b1110000011110011 %"
b1110000011110011 e
b11110011 m
b11110011 /"
b11110011 #"
1G
#12920000
0G
#12925000
1*
1Y
1G
#12930000
0G
#12935000
0*
0Y
b1000 0"
b1110100001001111101011110000111001101101110011010010110010001 -"
b1110000011110100 %"
b1110000011110100 e
b11110100 m
b11110100 /"
b11110100 #"
1G
#12940000
0G
#12945000
1*
1Y
1G
#12950000
0G
#12955000
0*
0Y
b1000 0"
b1110100001001111101011110000111001101101110011010010110010001 -"
b1110000011110101 %"
b1110000011110101 e
b11110101 m
b11110101 /"
b11110101 #"
1G
#12960000
0G
#12965000
1*
1Y
1G
#12970000
0G
#12975000
0*
0Y
b1000 0"
b1110100001001111101011110000111001101101110011010010110010001 -"
b1110000011110110 %"
b1110000011110110 e
b11110110 m
b11110110 /"
b11110110 #"
1G
#12980000
0G
#12985000
1*
1Y
1G
#12990000
0G
#12995000
0*
0Y
b1000 0"
b1110100001001111101011110000111001101101110011010010110010001 -"
b1110000011110111 %"
b1110000011110111 e
b11110111 m
b11110111 /"
b11110111 #"
1G
#13000000
0G
#13005000
1*
1Y
1G
#13010000
0G
#13015000
0*
0Y
b1000 0"
b101010101000001001011010001100100000101111100011101110111001001 -"
b1110000011111000 &"
b1110000011111000 %"
b1110000011111000 e
b11111000 m
b11111000 /"
b11111000 #"
1G
#13020000
0G
#13025000
b101010101000001001011010001100100000101111100011101110111001001 &
b101010101000001001011010001100100000101111100011101110111001001 U
1*
1Y
1G
#13030000
0G
#13035000
0*
0Y
b1000 0"
b101010101000001001011010001100100000101111100011101110111001001 -"
b1110000011111001 %"
b1110000011111001 e
b11111001 m
b11111001 /"
b11111001 #"
1G
#13040000
0G
#13045000
1*
1Y
1G
#13050000
0G
#13055000
0*
0Y
b1000 0"
b101010101000001001011010001100100000101111100011101110111001001 -"
b1110000011111010 %"
b1110000011111010 e
b11111010 m
b11111010 /"
b11111010 #"
1G
#13060000
0G
#13065000
1*
1Y
1G
#13070000
0G
#13075000
0*
0Y
b1000 0"
b101010101000001001011010001100100000101111100011101110111001001 -"
b1110000011111011 %"
b1110000011111011 e
b11111011 m
b11111011 /"
b11111011 #"
1G
#13080000
0G
#13085000
1*
1Y
1G
#13090000
0G
#13095000
0*
0Y
b1000 0"
b101010101000001001011010001100100000101111100011101110111001001 -"
b1110000011111100 %"
b1110000011111100 e
b11111100 m
b11111100 /"
b11111100 #"
1G
#13100000
0G
#13105000
1*
1Y
1G
#13110000
0G
#13115000
0*
0Y
b1000 0"
b101010101000001001011010001100100000101111100011101110111001001 -"
b1110000011111101 %"
b1110000011111101 e
b11111101 m
b11111101 /"
b11111101 #"
1G
#13120000
0G
#13125000
1*
1Y
1G
#13130000
0G
#13135000
0*
0Y
b1000 0"
b101010101000001001011010001100100000101111100011101110111001001 -"
b1110000011111110 %"
b1110000011111110 e
b11111110 m
b11111110 /"
b11111110 #"
1G
#13140000
0G
#13145000
1*
1Y
1G
#13150000
0G
#13155000
0*
0Y
b1000 0"
b101010101000001001011010001100100000101111100011101110111001001 -"
b1110000011111111 %"
b1110000011111111 e
b11111111 m
b11111111 /"
b11111111 #"
1G
#13160000
0G
#13165000
1(
1W
1*
1Y
1G
#13170000
0G
#13175000
b11 D
b0 ?
b1111000000000000 ;
b1 >
1E
1!
1P
0(
0W
0*
0Y
0N
b0 !"
b1111000000000000 |
b1111000000000000 f
b1000 n
b1111000000000000 k
b0 h
b11 j
b1000 ~
b1 }
b1000 ""
b11 M
b0 K
b1111000000000000 H
b1 J
b100101 d
b100101 c
b111 y
b1010101 r
b1010101 u
b1 x
b1110000011111000 t
b1110000011111111 s
b1111000000000000 e
b0 m
b100000000 w
b1 z
b1101101011000010111100001011111011000100111010101110010011100110111010001011111001100100011010100110110 v
b100000000 /"
b100000000 #"
1G
#13180000
0G
#13185000
1+
1Z
0"
0Q
1]
b11111111 ^
b101110001001111010000100011010100101000000110110000111000000001 \
1_
0E
b0 <"
b1000 >"
b11 9"
b0 7"
b1111000000000000 4"
b1 6"
b0 $"
1G
#13190000
0G
#13195000
1F
0]
0_
0+
0Z
b1 $"
b1 <"
b10000 ="
b1111000000000000 2"
b1111000000000000 1"
b11111111 ;"
b101110001001111010000100011010100101000000110110000111000000001 :"
1G
#13200000
0G
#13205000
b1 #
b1 R
1%
1T
1G
#13210000
0G
#13215000
15
b11 9
b0 4
b1111000000000000 0
b1 3
1:
0F
1"
1Q
0%
0T
1L
b1000 B"
b1111000000000000 @"
b1111000000000000 ?"
b1 A"
1G
#13220000
0G
#13225000
0!
0P
1N
0:
b1000 0"
b101110001001111010000100011010100101000000110110000111000000001 -"
b1111000000000000 &"
b1111000000000000 %"
b0 /"
b1 ."
1+"
b11 ,"
b0 *"
b1111000000000000 '"
b1 )"
b0 #"
1G
#13230000
0G
#13235000
1(
1W
b1 )
b1 X
b101110001001111010000100011010100101000000110110000111000000001 &
b101110001001111010000100011010100101000000110110000111000000001 U
b1 '
b1 V
1*
1Y
1G
#13240000
0G
#13245000
1@
1E
1!
1P
0(
0W
0*
0Y
0N
b1000 ~
b1 }
b100110 d
b100110 c
b1 /"
b1 #"
1G
#13250000
0G
#13255000
1+
1Z
0"
0Q
1]
1_
0E
b0 <"
18"
b0 $"
1G
#13260000
0G
#13265000
1F
0]
0_
0+
0Z
b1 $"
b1 3"
b1 <"
b1000 ="
1G
#13270000
0G
#13275000
b1 $
b1 S
1%
1T
1G
#13280000
0G
#13285000
b10 3
1:
0F
1"
1Q
0%
0T
b10 J
b1000 B"
b1 A"
b100111 d
b100111 c
b1 [
1G
#13290000
0G
#13295000
0!
0P
1N
0:
b1000 0"
b101110001001111010000100011010100101000000110110000111000000001 -"
b0 /"
b10 )"
b0 #"
1G
#13300000
0G
#13305000
1(
1W
b10 '
b10 V
1*
1Y
1G
#13310000
0G
#13315000
0@
b11 >
1E
1!
1P
0(
0W
0*
0Y
0N
b1000 ~
b1 }
0L
b11 J
b1 /"
b1 #"
1G
#13320000
0G
#13325000
1+
1Z
0"
0Q
1]
1_
0E
b0 <"
08"
b11 6"
b0 $"
1G
#13330000
0G
#13335000
1F
0]
0_
0+
0Z
b1 $"
b0 3"
b1 <"
b10000 ="
1G
#13340000
0G
#13345000
b0 $
b0 S
b11 #
b11 R
1%
1T
1G
#13350000
0G
#13355000
1@
b10 >
1E
0F
1"
1Q
0%
0T
b1000 ~
b1 }
1L
b10 J
b1000 B"
b1 A"
b0 [
1G
#13360000
0G
#13365000
1+
1Z
0"
0Q
1]
1_
0E
b0 <"
18"
b10 6"
b0 $"
1G
#13370000
0G
#13375000
1F
0]
0_
0+
0Z
b1 $"
b1 <"
b1000 ="
1G
#13380000
0G
#13385000
b10 #
b10 R
1%
1T
1G
#13390000
0G
#13395000
0@
b10000000000 ;
b0 >
1E
0F
1"
1Q
0%
0T
b10000000000 |
b10000000000 e
b10000000000 f
b10000000000 k
b1000 ~
b1 }
b10000000000 H
b0 J
b0 a
0L
b101000 d
b101000 c
1G
#13400000
0G
#13405000
1+
1Z
0"
0Q
1]
1_
0E
b0 <"
08"
b10000000000 4"
b0 6"
b0 $"
1G
#13410000
0G
#13415000
1F
0]
0_
0+
0Z
b1 $"
b1 <"
b10000 ="
b10000000000 2"
b10000000000 1"
1G
#13420000
0G
#13425000
b0 #
b0 R
1%
1T
1G
#13430000
0G
#13435000
05
b10000000000 0
b0 3
1:
0F
1"
1Q
0%
0T
b1000 B"
b10000000000 @"
b10000000000 ?"
b1 A"
1G
#13440000
0G
#13445000
0!
0P
1N
0:
b1000 0"
b101110001001111010000100011010100101000000110110000111000000001 -"
b10000000000 &"
b10000000000 %"
b0 /"
b0 ."
0+"
b10000000000 '"
b0 )"
b0 #"
1G
#13450000
0G
#13455000
1(
1W
b0 )
b0 X
b0 '
b0 V
1*
1Y
1G
#13460000
0G
#13465000
b1 ?
b10001000000 ;
b1 >
1E
1!
1P
0(
0W
0*
0Y
0N
b1 m
b10001001000 |
b10001001000 e
b10001000000 f
b10001000000 k
b1 h
b1000 ~
b10 }
b1 K
b10001000000 H
b1 J
b1 a
b101001 d
b101001 c
b1011100 r
b1011100 u
b1000 x
b0 y
b10000000000 t
b10000000000 s
b1 w
b1000 z
b110110101101001011110000110010101100100010111110111001001110111 v
b1 /"
b1 #"
1G
#13470000
0G
#13475000
1+
1Z
0"
0Q
b1001110010001111100000100111010101101000010110110100111001000001 \
1_
0E
b0 <"
b1 7"
b10001000000 4"
b1 6"
b0 $"
1G
#13480000
0G
#13485000
1]
b1010001110010110100010010111110001101111011000100101010101001000 \
1+
1Z
b1 $"
b1 <"
b1000 ="
b10001000000 2"
b10001000000 1"
b10001000000 e
b0 m
b1001110010001111100000100111010101101000010110110100111001000001 :"
1G
#13490000
0G
#13495000
0+
0Z
1F
0]
0_
b10 <"
b10000 ="
b10001001000 2"
b10001001000 1"
b10001001000 e
b1 m
b1010001110010110100010010111110001101111011000100101010101001000 :"
b10 $"
1G
#13500000
0G
#13505000
b1 #
b1 R
1%
1T
1G
#13510000
0G
#13515000
b1 4
b10001000000 0
b1 3
1:
1"
1Q
0%
0T
0F
b1000 B"
b10001001000 @"
b10001001000 ?"
b10001001000 e
b1 m
b10 A"
1G
#13520000
0G
#13525000
0!
0P
1N
0:
b1000 0"
b1001110010001111100000100111010101101000010110110100111001000001 -"
b10001000000 &"
b10001000000 %"
b10001000000 e
b0 m
b0 /"
b1 *"
b10001000000 '"
b1 )"
b0 #"
1G
#13530000
0G
#13535000
b1001110010001111100000100111010101101000010110110100111001000001 &
b1001110010001111100000100111010101101000010110110100111001000001 U
b1 '
b1 V
1*
1Y
1G
#13540000
0G
#13545000
0*
0Y
b1000 0"
b1010001110010110100010010111110001101111011000100101010101001000 -"
b10001001000 &"
b10001001000 %"
b10001001000 e
b1 m
b1 /"
b1 #"
1G
#13550000
0G
#13555000
1(
1W
b1010001110010110100010010111110001101111011000100101010101001000 &
b1010001110010110100010010111110001101111011000100101010101001000 U
1*
1Y
1G
#13560000
0G
#13565000
b10 ?
b10010000000 ;
b10 >
1E
1!
1P
0(
0W
0*
0Y
0N
b10010010000 |
b10010000000 f
b10010000000 k
b10 h
b1000 ~
b11 }
b10 K
b10010000000 H
b10 J
b10 a
b101010 d
b101010 c
b10100011 r
b10100011 u
b1000 x
b10001001000 t
b10001001000 s
b10010010000 e
b10 m
b10 w
b10 /"
b10 #"
1G
#13570000
0G
#13575000
1+
1Z
0"
0Q
b1101110011001111110000101011010110101000100110111000111010000001 \
1_
0E
b0 <"
b10 7"
b10010000000 4"
b10 6"
b0 $"
1G
#13580000
0G
#13585000
b1110001111010110110010011011110010101111101000101001010110001000 \
1+
1Z
b1 $"
b1 <"
b1000 ="
b10010000000 2"
b10010000000 1"
b10010000000 e
b0 m
b1101110011001111110000101011010110101000100110111000111010000001 :"
1G
#13590000
0G
#13595000
1+
1Z
1]
b1110101011011101110100001100001110110110101010011001110010001111 \
b10 <"
b1000 ="
b10010001000 2"
b10010001000 1"
b10010001000 e
b1 m
b1110001111010110110010011011110010101111101000101001010110001000 :"
b10 $"
1G
#13600000
0G
#13605000
1F
0]
0_
0+
0Z
b11 $"
b11 <"
b10000 ="
b10010010000 2"
b10010010000 1"
b10010010000 e
b10 m
b1110101011011101110100001100001110110110101010011001110010001111 :"
1G
#13610000
0G
#13615000
b10 #
b10 R
1%
1T
1G
#13620000
0G
#13625000
b10 4
b10010000000 0
b10 3
1:
0F
1"
1Q
0%
0T
b1000 B"
b10010010000 @"
b10010010000 ?"
b10010010000 e
b10 m
b11 A"
1G
#13630000
0G
#13635000
0!
0P
1N
0:
b1000 0"
b1101110011001111110000101011010110101000100110111000111010000001 -"
b10010000000 &"
b10010000000 %"
b10010000000 e
b0 m
b0 /"
b10 *"
b10010000000 '"
b10 )"
b0 #"
1G
#13640000
0G
#13645000
b1101110011001111110000101011010110101000100110111000111010000001 &
b1101110011001111110000101011010110101000100110111000111010000001 U
b10 '
b10 V
1*
1Y
1G
#13650000
0G
#13655000
0*
0Y
b1000 0"
b1110001111010110110010011011110010101111101000101001010110001000 -"
b10010001000 &"
b10010001000 %"
b10010001000 e
b1 m
b1 /"
b1 #"
1G
#13660000
0G
#13665000
b1110001111010110110010011011110010101111101000101001010110001000 &
b1110001111010110110010011011110010101111101000101001010110001000 U
1*
1Y
1G
#13670000
0G
#13675000
0*
0Y
b1000 0"
b1110101011011101110100001100001110110110101010011001110010001111 -"
b10010010000 &"
b10010010000 %"
b10010010000 e
b10 m
b10 /"
b10 #"
1G
#13680000
0G
#13685000
1(
1W
b1110101011011101110100001100001110110110101010011001110010001111 &
b1110101011011101110100001100001110110110101010011001110010001111 U
1*
1Y
1G
#13690000
0G
#13695000
b11 ?
b10011000000 ;
b11 >
1E
1!
1P
0(
0W
0*
0Y
0N
b10011011000 |
b10011000000 f
b10011000000 k
b11 h
b1000 ~
b100 }
b11 K
b10011000000 H
b11 J
b11 a
b101011 d
b101011 c
b11101010 r
b11101010 u
b1000 x
b10010010000 t
b10010010000 s
b10011011000 e
b11 m
b11 w
b11 /"
b11 #"
1G
#13700000
0G
#13705000
1+
1Z
0"
0Q
b1110000001111000000101111010111101000110110111100111011000001 \
1_
0E
b0 <"
b11 7"
b10011000000 4"
b11 6"
b0 $"
1G
#13710000
0G
#13715000
b10001100010110000010011111110011101111111000101101010111001000 \
1+
1Z
b1 $"
b1 <"
b1000 ="
b10011000000 2"
b10011000000 1"
b10011000000 e
b0 m
b1110000001111000000101111010111101000110110111100111011000001 :"
1G
#13720000
0G
#13725000
1+
1Z
b10101000011101000100000000001111110110111010011101110011001111 \
b10 <"
b1000 ="
b10011001000 2"
b10011001000 1"
b10011001000 e
b1 m
b10001100010110000010011111110011101111111000101101010111001000 :"
b10 $"
1G
#13730000
0G
#13735000
1]
b11000100100100000101110000101011111101111100001110001111010110 \
1+
1Z
b11 $"
b11 <"
b1000 ="
b10011010000 2"
b10011010000 1"
b10011010000 e
b10 m
b10101000011101000100000000001111110110111010011101110011001111 :"
1G
#13740000
0G
#13745000
0+
0Z
1F
0]
0_
b100 <"
b10000 ="
b10011011000 2"
b10011011000 1"
b10011011000 e
b11 m
b11000100100100000101110000101011111101111100001110001111010110 :"
b100 $"
1G
#13750000
0G
#13755000
b11 #
b11 R
1%
1T
1G
#13760000
0G
#13765000
b11 4
b10011000000 0
b11 3
1:
1"
1Q
0%
0T
0F
b1000 B"
b10011011000 @"
b10011011000 ?"
b10011011000 e
b11 m
b100 A"
1G
#13770000
0G
#13775000
0!
0P
1N
0:
b1000 0"
b1110000001111000000101111010111101000110110111100111011000001 -"
b10011000000 &"
b10011000000 %"
b10011000000 e
b0 m
b0 /"
b11 *"
b10011000000 '"
b11 )"
b0 #"
1G
#13780000
0G
#13785000
b1110000001111000000101111010111101000110110111100111011000001 &
b1110000001111000000101111010111101000110110111100111011000001 U
b11 '
b11 V
1*
1Y
1G
#13790000
0G
#13795000
0*
0Y
b1000 0"
b10001100010110000010011111110011101111111000101101010111001000 -"
b10011001000 &"
b10011001000 %"
b10011001000 e
b1 m
b1 /"
b1 #"
1G
#13800000
0G
#13805000
b10001100010110000010011111110011101111111000101101010111001000 &
b10001100010110000010011111110011101111111000101101010111001000 U
1*
1Y
1G
#13810000
0G
#13815000
0*
0Y
b1000 0"
b10101000011101000100000000001111110110111010011101110011001111 -"
b10011010000 &"
b10011010000 %"
b10011010000 e
b10 m
b10 /"
b10 #"
1G
#13820000
0G
#13825000
b10101000011101000100000000001111110110111010011101110011001111 &
b10101000011101000100000000001111110110111010011101110011001111 U
1*
1Y
1G
#13830000
0G
#13835000
0*
0Y
b1000 0"
b11000100100100000101110000101011111101111100001110001111010110 -"
b10011011000 &"
b10011011000 %"
b10011011000 e
b11 m
b11 /"
b11 #"
1G
#13840000
0G
#13845000
1(
1W
b11000100100100000101110000101011111101111100001110001111010110 &
b11000100100100000101110000101011111101111100001110001111010110 U
1*
1Y
1G
#13850000
0G
#13855000
b100 ?
b10100000000 ;
b100 >
1E
1!
1P
0(
0W
0*
0Y
0N
b10100100000 |
b10100000000 f
b10100000000 k
b100 h
b1000 ~
b101 }
b100 K
b10100000000 H
b100 J
b100 a
b101100 d
b101100 c
b110001 r
b110001 u
b1000 x
b10011011000 t
b10011011000 s
b10100100000 e
b100 m
b100 w
b100 /"
b100 #"
1G
#13860000
0G
#13865000
1+
1Z
0"
0Q
b101110001001111010000100011010100101000000110110000111000000001 \
1_
0E
b0 <"
b100 7"
b10100000000 4"
b100 6"
b0 $"
1G
#13870000
0G
#13875000
b110001101010110010010010011110000101111001000100001010100001000 \
1+
1Z
b1 $"
b1 <"
b1000 ="
b10100000000 2"
b10100000000 1"
b10100000000 e
b0 m
b101110001001111010000100011010100101000000110110000111000000001 :"
1G
#13880000
0G
#13885000
1+
1Z
b110101001011101010100000100001100110110001010010001110000001111 \
b10 <"
b1000 ="
b10100001000 2"
b10100001000 1"
b10100001000 e
b1 m
b110001101010110010010010011110000101111001000100001010100001000 :"
b10 $"
1G
#13890000
0G
#13895000
b111000101100100010101110100101000111101001100000010001100010110 \
1+
1Z
b11 $"
b11 <"
b1000 ="
b10100010000 2"
b10100010000 1"
b10100010000 e
b10 m
b110101001011101010100000100001100110110001010010001110000001111 :"
1G
#13900000
0G
#13905000
1+
1Z
1]
b111100001101011010111100101000101000100001101110010101000011101 \
b100 <"
b1000 ="
b10100011000 2"
b10100011000 1"
b10100011000 e
b11 m
b111000101100100010101110100101000111101001100000010001100010110 :"
b100 $"
1G
#13910000
0G
#13915000
1F
0]
0_
0+
0Z
b101 $"
b101 <"
b10000 ="
b10100100000 2"
b10100100000 1"
b10100100000 e
b100 m
b111100001101011010111100101000101000100001101110010101000011101 :"
1G
#13920000
0G
#13925000
b100 #
b100 R
1%
1T
1G
#13930000
0G
#13935000
b100 4
b10100000000 0
b100 3
1:
0F
1"
1Q
0%
0T
b1000 B"
b10100100000 @"
b10100100000 ?"
b10100100000 e
b100 m
b101 A"
1G
#13940000
0G
#13945000
0!
0P
1N
0:
b1000 0"
b101110001001111010000100011010100101000000110110000111000000001 -"
b10100000000 &"
b10100000000 %"
b10100000000 e
b0 m
b0 /"
b100 *"
b10100000000 '"
b100 )"
b0 #"
1G
#13950000
0G
#13955000
b101110001001111010000100011010100101000000110110000111000000001 &
b101110001001111010000100011010100101000000110110000111000000001 U
b100 '
b100 V
1*
1Y
1G
#13960000
0G
#13965000
0*
0Y
b1000 0"
b110001101010110010010010011110000101111001000100001010100001000 -"
b10100001000 &"
b10100001000 %"
b10100001000 e
b1 m
b1 /"
b1 #"
1G
#13970000
0G
#13975000
b110001101010110010010010011110000101111001000100001010100001000 &
b110001101010110010010010011110000101111001000100001010100001000 U
1*
1Y
1G
#13980000
0G
#13985000
0*
0Y
b1000 0"
b110101001011101010100000100001100110110001010010001110000001111 -"
b10100010000 &"
b10100010000 %"
b10100010000 e
b10 m
b10 /"
b10 #"
1G
#13990000
0G
#13995000
b110101001011101010100000100001100110110001010010001110000001111 &
b110101001011101010100000100001100110110001010010001110000001111 U
1*
1Y
1G
#14000000
0G
#14005000
0*
0Y
b1000 0"
b111000101100100010101110100101000111101001100000010001100010110 -"
b10100011000 &"
b10100011000 %"
b10100011000 e
b11 m
b11 /"
b11 #"
1G
#14010000
0G
#14015000
b111000101100100010101110100101000111101001100000010001100010110 &
b111000101100100010101110100101000111101001100000010001100010110 U
1*
1Y
1G
#14020000
0G
#14025000
0*
0Y
b1000 0"
b111100001101011010111100101000101000100001101110010101000011101 -"
b10100100000 &"
b10100100000 %"
b10100100000 e
b100 m
b100 /"
b100 #"
1G
#14030000
0G
#14035000
1(
1W
b111100001101011010111100101000101000100001101110010101000011101 &
b111100001101011010111100101000101000100001101110010101000011101 U
1*
1Y
1G
#14040000
0G
#14045000
1!
1P
0(
0W
0*
0Y
0N
b101 a
b101101 d
b101101 c
b1111000 r
b1111000 u
b1000 x
b10100100000 t
b10100100000 s
b10100100000 e
b100 m
b101 w
b101 /"
b101 #"
1G
#14050000
0G
#14055000
1G
#14060000
0G
#14065000
1G
#14070000
0G
#14075000
1G
#14080000
0G
#14085000
1G
#14090000
0G
#14095000
1G
#14100000
0G
#14105000
1G
#14110000
0G
#14115000
1G
#14120000
0G
#14125000
1G
#14130000
0G
#14135000
1G
#14140000
0G
#14145000
1G
#14150000
0G
#14155000
1G
#14160000
0G
#14165000
1G
#14170000
0G
#14175000
1G
#14180000
0G
#14185000
1G
#14190000
0G
#14195000
1G
#14200000
0G
#14205000
1G
#14210000
0G
#14215000
1G
#14220000
0G
#14225000
1G
#14230000
0G
#14235000
1G
#14240000
0G
#14245000
1G
